[{"model": "admin.logentry", "pk": 1, "fields": {"action_time": "2021-05-22T21:29:18.570Z", "user": 1, "content_type": 3, "object_id": "1", "object_repr": "Admin", "action_flag": 1, "change_message": "[{\"added\": {}}]"}}, {"model": "admin.logentry", "pk": 2, "fields": {"action_time": "2021-05-22T21:29:43.222Z", "user": 1, "content_type": 6, "object_id": "1", "object_repr": "taiwo", "action_flag": 2, "change_message": "[{\"changed\": {\"fields\": [\"Groups\"]}}]"}}, {"model": "admin.logentry", "pk": 3, "fields": {"action_time": "2021-05-23T15:34:36.204Z", "user": 1, "content_type": 7, "object_id": "1", "object_repr": "Finance", "action_flag": 1, "change_message": "[{\"added\": {}}]"}}, {"model": "admin.logentry", "pk": 4, "fields": {"action_time": "2021-05-23T18:02:41.509Z", "user": 1, "content_type": 8, "object_id": "1", "object_repr": "How to cultivate a good finance in marriage", "action_flag": 1, "change_message": "[{\"added\": {}}]"}}, {"model": "admin.logentry", "pk": 5, "fields": {"action_time": "2021-05-23T18:21:22.175Z", "user": 1, "content_type": 8, "object_id": "1", "object_repr": "How to cultivate a good finance in marriage", "action_flag": 2, "change_message": "[{\"changed\": {\"fields\": [\"Content\"]}}]"}}, {"model": "admin.logentry", "pk": 6, "fields": {"action_time": "2021-05-23T18:30:13.841Z", "user": 1, "content_type": 8, "object_id": "1", "object_repr": "How to cultivate a good finance in marriage", "action_flag": 2, "change_message": "[{\"changed\": {\"fields\": [\"Content\"]}}]"}}, {"model": "admin.logentry", "pk": 7, "fields": {"action_time": "2021-05-23T18:41:53.199Z", "user": 1, "content_type": 8, "object_id": "1", "object_repr": "How to cultivate a good finance in marriage", "action_flag": 2, "change_message": "[{\"changed\": {\"fields\": [\"Content\"]}}]"}}, {"model": "admin.logentry", "pk": 8, "fields": {"action_time": "2021-05-23T19:29:10.324Z", "user": 1, "content_type": 7, "object_id": "2", "object_repr": "Singles", "action_flag": 1, "change_message": "[{\"added\": {}}]"}}, {"model": "admin.logentry", "pk": 9, "fields": {"action_time": "2021-05-23T19:29:49.075Z", "user": 1, "content_type": 7, "object_id": "3", "object_repr": "WOG", "action_flag": 1, "change_message": "[{\"added\": {}}]"}}, {"model": "admin.logentry", "pk": 10, "fields": {"action_time": "2021-05-23T19:30:57.580Z", "user": 1, "content_type": 7, "object_id": "4", "object_repr": "Wedding", "action_flag": 1, "change_message": "[{\"added\": {}}]"}}, {"model": "admin.logentry", "pk": 11, "fields": {"action_time": "2021-05-23T19:31:26.976Z", "user": 1, "content_type": 7, "object_id": "5", "object_repr": "Courthship", "action_flag": 1, "change_message": "[{\"added\": {}}]"}}, {"model": "admin.logentry", "pk": 12, "fields": {"action_time": "2021-05-23T19:31:32.348Z", "user": 1, "content_type": 7, "object_id": "6", "object_repr": "Romance", "action_flag": 1, "change_message": "[{\"added\": {}}]"}}, {"model": "admin.logentry", "pk": 13, "fields": {"action_time": "2021-05-23T19:32:06.143Z", "user": 1, "content_type": 7, "object_id": "3", "object_repr": "Will Of God", "action_flag": 2, "change_message": "[{\"changed\": {\"fields\": [\"Name\"]}}]"}}, {"model": "admin.logentry", "pk": 14, "fields": {"action_time": "2021-05-23T19:35:08.013Z", "user": 1, "content_type": 7, "object_id": "7", "object_repr": "Family Life", "action_flag": 1, "change_message": "[{\"added\": {}}]"}}, {"model": "admin.logentry", "pk": 15, "fields": {"action_time": "2021-05-23T19:35:38.903Z", "user": 1, "content_type": 8, "object_id": "1", "object_repr": "How to cultivate a good finance in marriage", "action_flag": 2, "change_message": "[{\"changed\": {\"fields\": [\"Featured\"]}}]"}}, {"model": "admin.logentry", "pk": 16, "fields": {"action_time": "2021-05-23T19:38:58.791Z", "user": 1, "content_type": 8, "object_id": "2", "object_repr": "Can you find the will of God online?", "action_flag": 1, "change_message": "[{\"added\": {}}]"}}, {"model": "admin.logentry", "pk": 17, "fields": {"action_time": "2021-05-23T19:40:10.066Z", "user": 1, "content_type": 8, "object_id": "3", "object_repr": "How do I plan for the wedding on a low budget", "action_flag": 1, "change_message": "[{\"added\": {}}]"}}, {"model": "admin.logentry", "pk": 18, "fields": {"action_time": "2021-05-23T19:40:18.414Z", "user": 1, "content_type": 8, "object_id": "1", "object_repr": "How to cultivate\\ good finance in marriage", "action_flag": 2, "change_message": "[{\"changed\": {\"fields\": [\"Title\"]}}]"}}, {"model": "admin.logentry", "pk": 19, "fields": {"action_time": "2021-05-24T00:04:20.274Z", "user": 1, "content_type": 8, "object_id": "1", "object_repr": "How to cultivate\\ good finance in marriage", "action_flag": 2, "change_message": "[{\"changed\": {\"fields\": [\"Image\"]}}]"}}, {"model": "admin.logentry", "pk": 20, "fields": {"action_time": "2021-05-24T00:04:26.209Z", "user": 1, "content_type": 8, "object_id": "3", "object_repr": "How do I plan for the wedding on a low budget", "action_flag": 2, "change_message": "[{\"changed\": {\"fields\": [\"Featured\"]}}]"}}, {"model": "admin.logentry", "pk": 21, "fields": {"action_time": "2021-05-24T00:04:43.620Z", "user": 1, "content_type": 8, "object_id": "2", "object_repr": "Can you find the will of God online?", "action_flag": 2, "change_message": "[{\"changed\": {\"fields\": [\"Featured\"]}}]"}}, {"model": "admin.logentry", "pk": 22, "fields": {"action_time": "2021-05-24T00:55:27.959Z", "user": 1, "content_type": 8, "object_id": "2", "object_repr": "Can you find the will of God online?", "action_flag": 2, "change_message": "[{\"changed\": {\"fields\": [\"Featured\"]}}]"}}, {"model": "admin.logentry", "pk": 23, "fields": {"action_time": "2021-05-24T00:56:08.024Z", "user": 1, "content_type": 8, "object_id": "3", "object_repr": "How do I plan for the wedding on a low budget", "action_flag": 2, "change_message": "[{\"changed\": {\"fields\": [\"Image\", \"Featured\"]}}]"}}, {"model": "admin.logentry", "pk": 24, "fields": {"action_time": "2021-05-24T11:18:00.653Z", "user": 1, "content_type": 8, "object_id": "2", "object_repr": "Can you find the will of God online?", "action_flag": 2, "change_message": "[{\"changed\": {\"fields\": [\"Image\"]}}]"}}, {"model": "admin.logentry", "pk": 25, "fields": {"action_time": "2021-05-24T11:25:32.742Z", "user": 1, "content_type": 8, "object_id": "2", "object_repr": "Dr Maymunah Yusuf Kadiri Spotlights Real Issues Of Mental Health & Depression In New Book ‘Deep Expression’", "action_flag": 2, "change_message": "[{\"changed\": {\"fields\": [\"Title\"]}}]"}}, {"model": "admin.logentry", "pk": 26, "fields": {"action_time": "2021-05-24T13:40:01.783Z", "user": 1, "content_type": 7, "object_id": "8", "object_repr": "What We Do", "action_flag": 1, "change_message": "[{\"added\": {}}]"}}, {"model": "admin.logentry", "pk": 27, "fields": {"action_time": "2021-05-24T13:41:10.546Z", "user": 1, "content_type": 8, "object_id": "4", "object_repr": "We give guidelines to singles in the time of waiting in the context of Holiness and righteousness.", "action_flag": 1, "change_message": "[{\"added\": {}}]"}}, {"model": "admin.logentry", "pk": 28, "fields": {"action_time": "2021-05-24T14:48:26.265Z", "user": 1, "content_type": 8, "object_id": "5", "object_repr": "Learn more about us", "action_flag": 1, "change_message": "[{\"added\": {}}]"}}, {"model": "admin.logentry", "pk": 29, "fields": {"action_time": "2021-05-24T14:48:56.185Z", "user": 1, "content_type": 8, "object_id": "5", "object_repr": "Learn more about us", "action_flag": 3, "change_message": ""}}, {"model": "admin.logentry", "pk": 30, "fields": {"action_time": "2021-05-24T14:49:28.901Z", "user": 1, "content_type": 8, "object_id": "6", "object_repr": "Learn ABout us here", "action_flag": 1, "change_message": "[{\"added\": {}}]"}}, {"model": "admin.logentry", "pk": 31, "fields": {"action_time": "2021-05-24T18:33:43.575Z", "user": 1, "content_type": 8, "object_id": "2", "object_repr": "Dr Maymunah Yusuf Kadiri Spotlights Real Issues Of Mental Health & Depression In New Book ‘Deep Expression’", "action_flag": 2, "change_message": "[{\"changed\": {\"fields\": [\"Content\", \"Slug\"]}}]"}}, {"model": "admin.logentry", "pk": 32, "fields": {"action_time": "2021-05-24T18:53:59.218Z", "user": 1, "content_type": 8, "object_id": "7", "object_repr": "How do i finance singlehood till marriage", "action_flag": 1, "change_message": "[{\"added\": {}}]"}}, {"model": "admin.logentry", "pk": 33, "fields": {"action_time": "2021-05-24T18:54:36.372Z", "user": 1, "content_type": 8, "object_id": "8", "object_repr": "How do I know that God has shown me the will of God", "action_flag": 1, "change_message": "[{\"added\": {}}]"}}, {"model": "admin.logentry", "pk": 34, "fields": {"action_time": "2021-05-24T18:55:16.871Z", "user": 1, "content_type": 8, "object_id": "9", "object_repr": "What should I say in courtship(Men)", "action_flag": 1, "change_message": "[{\"added\": {}}]"}}, {"model": "admin.logentry", "pk": 35, "fields": {"action_time": "2021-05-24T18:56:00.801Z", "user": 1, "content_type": 8, "object_id": "10", "object_repr": "How do I be romantic to my partner", "action_flag": 1, "change_message": "[{\"added\": {}}]"}}, {"model": "admin.logentry", "pk": 36, "fields": {"action_time": "2021-05-24T18:56:34.943Z", "user": 1, "content_type": 8, "object_id": "11", "object_repr": "How do I cope with singlehood", "action_flag": 1, "change_message": "[{\"added\": {}}]"}}, {"model": "admin.logentry", "pk": 37, "fields": {"action_time": "2021-05-24T18:57:15.746Z", "user": 1, "content_type": 8, "object_id": "12", "object_repr": "What are the exact prayer points I should pray for when asking for the will of God", "action_flag": 1, "change_message": "[{\"added\": {}}]"}}, {"model": "admin.logentry", "pk": 38, "fields": {"action_time": "2021-05-24T18:57:43.658Z", "user": 1, "content_type": 8, "object_id": "13", "object_repr": "How should i know that God is the one speaking?", "action_flag": 1, "change_message": "[{\"added\": {}}]"}}, {"model": "admin.logentry", "pk": 39, "fields": {"action_time": "2021-05-24T18:59:16.060Z", "user": 1, "content_type": 8, "object_id": "13", "object_repr": "How should i know that God is the one speaking?", "action_flag": 2, "change_message": "[{\"changed\": {\"fields\": [\"Image\"]}}]"}}, {"model": "admin.logentry", "pk": 40, "fields": {"action_time": "2021-05-24T19:00:45.812Z", "user": 1, "content_type": 8, "object_id": "14", "object_repr": "What should i not say when I see the will of God", "action_flag": 1, "change_message": "[{\"added\": {}}]"}}, {"model": "admin.logentry", "pk": 41, "fields": {"action_time": "2021-05-24T19:02:02.299Z", "user": 1, "content_type": 8, "object_id": "15", "object_repr": "How do i be a wedding prepper", "action_flag": 1, "change_message": "[{\"added\": {}}]"}}, {"model": "admin.logentry", "pk": 42, "fields": {"action_time": "2021-05-24T19:02:46.278Z", "user": 1, "content_type": 8, "object_id": "16", "object_repr": "How much should I have to be eligible to seek marriage?", "action_flag": 1, "change_message": "[{\"added\": {}}]"}}, {"model": "admin.logentry", "pk": 43, "fields": {"action_time": "2021-05-24T19:03:58.105Z", "user": 1, "content_type": 8, "object_id": "17", "object_repr": "How do I be more romantic to my partner", "action_flag": 1, "change_message": "[{\"added\": {}}]"}}, {"model": "admin.logentry", "pk": 44, "fields": {"action_time": "2021-05-24T19:04:38.977Z", "user": 1, "content_type": 8, "object_id": "18", "object_repr": "How should i raise my family as a man?(Men)", "action_flag": 1, "change_message": "[{\"added\": {}}]"}}, {"model": "admin.logentry", "pk": 45, "fields": {"action_time": "2021-05-24T19:05:09.580Z", "user": 1, "content_type": 8, "object_id": "19", "object_repr": "How should i treat my familt as a woman(Women)", "action_flag": 1, "change_message": "[{\"added\": {}}]"}}, {"model": "admin.logentry", "pk": 46, "fields": {"action_time": "2021-05-24T19:06:01.667Z", "user": 1, "content_type": 8, "object_id": "11", "object_repr": "How do I cope with singlehood", "action_flag": 2, "change_message": "[{\"changed\": {\"fields\": [\"Image\"]}}]"}}, {"model": "admin.logentry", "pk": 47, "fields": {"action_time": "2021-05-24T19:06:30.333Z", "user": 1, "content_type": 8, "object_id": "20", "object_repr": "Is Family Life easy?", "action_flag": 1, "change_message": "[{\"added\": {}}]"}}, {"model": "admin.logentry", "pk": 48, "fields": {"action_time": "2021-05-24T19:08:00.715Z", "user": 1, "content_type": 8, "object_id": "21", "object_repr": "Should I tell my will of God before marriage commitee", "action_flag": 1, "change_message": "[{\"added\": {}}]"}}, {"model": "admin.logentry", "pk": 49, "fields": {"action_time": "2021-05-24T19:08:31.722Z", "user": 1, "content_type": 8, "object_id": "22", "object_repr": "How old should I be when considering marriage", "action_flag": 1, "change_message": "[{\"added\": {}}]"}}, {"model": "admin.logentry", "pk": 50, "fields": {"action_time": "2021-05-24T19:09:00.707Z", "user": 1, "content_type": 8, "object_id": "23", "object_repr": "Should I be worried about Courtship?", "action_flag": 1, "change_message": "[{\"added\": {}}]"}}, {"model": "admin.logentry", "pk": 51, "fields": {"action_time": "2021-05-24T19:09:33.291Z", "user": 1, "content_type": 8, "object_id": "24", "object_repr": "Is courtship a long process?", "action_flag": 1, "change_message": "[{\"added\": {}}]"}}, {"model": "admin.logentry", "pk": 52, "fields": {"action_time": "2021-05-24T19:10:25.476Z", "user": 1, "content_type": 8, "object_id": "25", "object_repr": "About us at Singles.com", "action_flag": 1, "change_message": "[{\"added\": {}}]"}}, {"model": "admin.logentry", "pk": 53, "fields": {"action_time": "2021-05-24T19:11:10.890Z", "user": 1, "content_type": 8, "object_id": "26", "object_repr": "How we have helped alot of marriages", "action_flag": 1, "change_message": "[{\"added\": {}}]"}}, {"model": "admin.logentry", "pk": 54, "fields": {"action_time": "2021-05-24T20:57:22.603Z", "user": 1, "content_type": 8, "object_id": "13", "object_repr": "How should i know that God is the one speaking?", "action_flag": 2, "change_message": "[{\"changed\": {\"fields\": [\"Content\"]}}]"}}, {"model": "admin.logentry", "pk": 55, "fields": {"action_time": "2021-05-24T21:08:27.455Z", "user": 1, "content_type": 8, "object_id": "1", "object_repr": "How to cultivate good finance in marriage", "action_flag": 2, "change_message": "[{\"changed\": {\"fields\": [\"Title\"]}}]"}}, {"model": "admin.logentry", "pk": 56, "fields": {"action_time": "2021-05-25T15:37:49.411Z", "user": 1, "content_type": 7, "object_id": "9", "object_repr": "About", "action_flag": 1, "change_message": "[{\"added\": {}}]"}}, {"model": "admin.logentry", "pk": 57, "fields": {"action_time": "2021-05-25T17:53:03.652Z", "user": 1, "content_type": 8, "object_id": "25", "object_repr": "About us at Singles.com", "action_flag": 2, "change_message": "[{\"changed\": {\"fields\": [\"Image\"]}}]"}}, {"model": "admin.logentry", "pk": 58, "fields": {"action_time": "2021-05-25T17:53:19.736Z", "user": 1, "content_type": 8, "object_id": "2", "object_repr": "Dr Maymunah Yusuf Kadiri Spotlights Real Issues Of Mental Health & Depression In New Book ‘Deep Expression’", "action_flag": 2, "change_message": "[{\"changed\": {\"fields\": [\"Slug\"]}}]"}}, {"model": "admin.logentry", "pk": 59, "fields": {"action_time": "2021-05-25T17:53:30.287Z", "user": 1, "content_type": 8, "object_id": "17", "object_repr": "How do I be more romantic to my partner", "action_flag": 2, "change_message": "[{\"changed\": {\"fields\": [\"Image\"]}}]"}}, {"model": "admin.logentry", "pk": 60, "fields": {"action_time": "2021-05-25T17:53:55.280Z", "user": 1, "content_type": 8, "object_id": "11", "object_repr": "How do I cope with singlehood", "action_flag": 2, "change_message": "[{\"changed\": {\"fields\": [\"Image\"]}}]"}}, {"model": "admin.logentry", "pk": 61, "fields": {"action_time": "2021-05-25T17:56:14.406Z", "user": 1, "content_type": 8, "object_id": "8", "object_repr": "How do I know that God has shown me the will of God", "action_flag": 2, "change_message": "[{\"changed\": {\"fields\": [\"Slug\"]}}]"}}, {"model": "admin.logentry", "pk": 62, "fields": {"action_time": "2021-05-25T17:56:26.105Z", "user": 1, "content_type": 8, "object_id": "3", "object_repr": "How do I plan for the wedding on a low budget", "action_flag": 2, "change_message": "[{\"changed\": {\"fields\": [\"Image\"]}}]"}}, {"model": "admin.logentry", "pk": 63, "fields": {"action_time": "2021-05-25T17:57:28.454Z", "user": 1, "content_type": 8, "object_id": "2", "object_repr": "Dr Maymunah Yusuf Kadiri Spotlights Real Issues Of Mental Health & Depression In New Book ‘Deep Expression’", "action_flag": 2, "change_message": "[{\"changed\": {\"fields\": [\"Image\", \"Slug\"]}}]"}}, {"model": "admin.logentry", "pk": 64, "fields": {"action_time": "2021-05-25T17:57:46.011Z", "user": 1, "content_type": 8, "object_id": "10", "object_repr": "How do I be romantic to my partner", "action_flag": 2, "change_message": "[{\"changed\": {\"fields\": [\"Image\"]}}]"}}, {"model": "admin.logentry", "pk": 65, "fields": {"action_time": "2021-05-25T17:58:18.669Z", "user": 1, "content_type": 8, "object_id": "8", "object_repr": "How do I know that God has shown me the will of God", "action_flag": 2, "change_message": "[{\"changed\": {\"fields\": [\"Image\", \"Slug\"]}}]"}}, {"model": "admin.logentry", "pk": 66, "fields": {"action_time": "2021-05-25T17:58:29.081Z", "user": 1, "content_type": 8, "object_id": "15", "object_repr": "How do i be a wedding prepper", "action_flag": 2, "change_message": "[{\"changed\": {\"fields\": [\"Image\"]}}]"}}, {"model": "admin.logentry", "pk": 67, "fields": {"action_time": "2021-05-25T17:58:42.016Z", "user": 1, "content_type": 8, "object_id": "7", "object_repr": "How do i finance singlehood till marriage", "action_flag": 2, "change_message": "[{\"changed\": {\"fields\": [\"Image\"]}}]"}}, {"model": "admin.logentry", "pk": 68, "fields": {"action_time": "2021-05-25T17:59:08.929Z", "user": 1, "content_type": 8, "object_id": "16", "object_repr": "How much should I have to be eligible to seek marriage?", "action_flag": 2, "change_message": "[{\"changed\": {\"fields\": [\"Image\", \"Slug\"]}}]"}}, {"model": "admin.logentry", "pk": 69, "fields": {"action_time": "2021-05-25T18:00:06.107Z", "user": 1, "content_type": 8, "object_id": "22", "object_repr": "How old should I be when considering marriage", "action_flag": 2, "change_message": "[{\"changed\": {\"fields\": [\"Image\"]}}]"}}, {"model": "admin.logentry", "pk": 70, "fields": {"action_time": "2021-05-25T18:00:14.930Z", "user": 1, "content_type": 8, "object_id": "13", "object_repr": "How should i know that God is the one speaking?", "action_flag": 2, "change_message": "[{\"changed\": {\"fields\": [\"Image\"]}}]"}}, {"model": "admin.logentry", "pk": 71, "fields": {"action_time": "2021-05-25T18:00:24.063Z", "user": 1, "content_type": 8, "object_id": "18", "object_repr": "How should i raise my family as a man?(Men)", "action_flag": 2, "change_message": "[{\"changed\": {\"fields\": [\"Image\"]}}]"}}, {"model": "admin.logentry", "pk": 72, "fields": {"action_time": "2021-05-25T18:00:44.844Z", "user": 1, "content_type": 8, "object_id": "19", "object_repr": "How should i treat my familt as a woman(Women)", "action_flag": 2, "change_message": "[{\"changed\": {\"fields\": [\"Image\"]}}]"}}, {"model": "admin.logentry", "pk": 73, "fields": {"action_time": "2021-05-25T18:00:57.284Z", "user": 1, "content_type": 8, "object_id": "1", "object_repr": "How to cultivate good finance in marriage", "action_flag": 2, "change_message": "[{\"changed\": {\"fields\": [\"Image\"]}}]"}}, {"model": "admin.logentry", "pk": 74, "fields": {"action_time": "2021-05-25T18:01:46.297Z", "user": 1, "content_type": 8, "object_id": "26", "object_repr": "How we have helped alot of marriages", "action_flag": 2, "change_message": "[{\"changed\": {\"fields\": [\"Image\"]}}]"}}, {"model": "admin.logentry", "pk": 75, "fields": {"action_time": "2021-05-25T18:01:56.425Z", "user": 1, "content_type": 8, "object_id": "20", "object_repr": "Is Family Life easy?", "action_flag": 2, "change_message": "[{\"changed\": {\"fields\": [\"Image\"]}}]"}}, {"model": "admin.logentry", "pk": 76, "fields": {"action_time": "2021-05-25T18:02:05.773Z", "user": 1, "content_type": 8, "object_id": "24", "object_repr": "Is courtship a long process?", "action_flag": 2, "change_message": "[{\"changed\": {\"fields\": [\"Image\"]}}]"}}, {"model": "admin.logentry", "pk": 77, "fields": {"action_time": "2021-05-25T18:02:15.123Z", "user": 1, "content_type": 8, "object_id": "6", "object_repr": "Learn ABout us here", "action_flag": 2, "change_message": "[{\"changed\": {\"fields\": [\"Image\"]}}]"}}, {"model": "admin.logentry", "pk": 78, "fields": {"action_time": "2021-05-25T18:02:24.166Z", "user": 1, "content_type": 8, "object_id": "23", "object_repr": "Should I be worried about Courtship?", "action_flag": 2, "change_message": "[{\"changed\": {\"fields\": [\"Image\"]}}]"}}, {"model": "admin.logentry", "pk": 79, "fields": {"action_time": "2021-05-25T18:02:51.410Z", "user": 1, "content_type": 8, "object_id": "21", "object_repr": "Should I tell my will of God before marriage commitee", "action_flag": 2, "change_message": "[{\"changed\": {\"fields\": [\"Image\", \"Slug\"]}}]"}}, {"model": "admin.logentry", "pk": 80, "fields": {"action_time": "2021-05-25T18:03:50.634Z", "user": 1, "content_type": 8, "object_id": "4", "object_repr": "We give guidelines to singles in the time of waiting in the context of Holiness and righteousness.", "action_flag": 2, "change_message": "[{\"changed\": {\"fields\": [\"Image\", \"Slug\"]}}]"}}, {"model": "admin.logentry", "pk": 81, "fields": {"action_time": "2021-05-25T18:04:13.070Z", "user": 1, "content_type": 8, "object_id": "12", "object_repr": "What are the exact prayer points I should pray for when asking for the will of God", "action_flag": 2, "change_message": "[{\"changed\": {\"fields\": [\"Image\", \"Slug\"]}}]"}}, {"model": "admin.logentry", "pk": 82, "fields": {"action_time": "2021-05-25T18:04:22.775Z", "user": 1, "content_type": 8, "object_id": "9", "object_repr": "What should I say in courtship(Men)", "action_flag": 2, "change_message": "[{\"changed\": {\"fields\": [\"Image\"]}}]"}}, {"model": "admin.logentry", "pk": 83, "fields": {"action_time": "2021-05-25T18:04:34.168Z", "user": 1, "content_type": 8, "object_id": "14", "object_repr": "What should i not say when I see the will of God", "action_flag": 2, "change_message": "[{\"changed\": {\"fields\": [\"Image\"]}}]"}}, {"model": "admin.logentry", "pk": 84, "fields": {"action_time": "2021-05-26T16:36:02.984Z", "user": 1, "content_type": 8, "object_id": "10", "object_repr": "How do I be romantic to my partner", "action_flag": 2, "change_message": "[{\"changed\": {\"fields\": [\"Featured\"]}}]"}}, {"model": "admin.logentry", "pk": 85, "fields": {"action_time": "2021-05-26T17:55:11.133Z", "user": 1, "content_type": 8, "object_id": "2", "object_repr": "Dr Maymunah Yusuf Kadiri Spotlights Real Issues Of Mental Health & Depression In New Book ‘Deep Expression’", "action_flag": 2, "change_message": "[{\"changed\": {\"fields\": [\"Content\", \"Slug\"]}}]"}}, {"model": "admin.logentry", "pk": 86, "fields": {"action_time": "2021-05-26T21:42:27.314Z", "user": 1, "content_type": 7, "object_id": "10", "object_repr": "Authors", "action_flag": 1, "change_message": "[{\"added\": {}}]"}}, {"model": "admin.logentry", "pk": 87, "fields": {"action_time": "2021-05-27T12:15:43.723Z", "user": 1, "content_type": 8, "object_id": "4", "object_repr": "We give guidelines to singles in the time of waiting in the context of Holiness and righteousness.", "action_flag": 2, "change_message": "[{\"changed\": {\"fields\": [\"Slug\"]}}]"}}, {"model": "admin.logentry", "pk": 88, "fields": {"action_time": "2021-05-27T12:16:24.561Z", "user": 1, "content_type": 8, "object_id": "4", "object_repr": "We give guidelines to singles in the time of waiting", "action_flag": 2, "change_message": "[{\"changed\": {\"fields\": [\"Title\", \"Slug\"]}}]"}}, {"model": "admin.logentry", "pk": 89, "fields": {"action_time": "2021-05-27T12:32:12.776Z", "user": 1, "content_type": 8, "object_id": "4", "object_repr": "We Have Published Over 600 Opinion Articles On Our Website! Let Us Publish Your Article Too", "action_flag": 2, "change_message": "[{\"changed\": {\"fields\": [\"Title\", \"Slug\"]}}]"}}, {"model": "admin.logentry", "pk": 90, "fields": {"action_time": "2021-05-27T18:24:35.962Z", "user": 1, "content_type": 7, "object_id": "8", "object_repr": "What We Do", "action_flag": 2, "change_message": "[{\"changed\": {\"fields\": [\"Navbar\"]}}]"}}, {"model": "admin.logentry", "pk": 91, "fields": {"action_time": "2021-05-27T18:27:08.511Z", "user": 1, "content_type": 7, "object_id": "3", "object_repr": "Will of God", "action_flag": 2, "change_message": "[{\"changed\": {\"fields\": [\"Name\"]}}]"}}, {"model": "admin.logentry", "pk": 92, "fields": {"action_time": "2021-05-27T18:27:26.591Z", "user": 1, "content_type": 7, "object_id": "6", "object_repr": "Romance", "action_flag": 2, "change_message": "[]"}}, {"model": "admin.logentry", "pk": 93, "fields": {"action_time": "2021-05-27T22:40:35.296Z", "user": 1, "content_type": 8, "object_id": "2", "object_repr": "Dr Maymunah Yusuf Kadiri Spotlights Real Issues Of Mental Health & Depression In New Book ‘Deep Expression’", "action_flag": 2, "change_message": "[{\"changed\": {\"fields\": [\"Image\", \"Slug\"]}}]"}}, {"model": "admin.logentry", "pk": 94, "fields": {"action_time": "2021-05-27T22:43:34.144Z", "user": 1, "content_type": 8, "object_id": "10", "object_repr": "How do I be romantic to my partner", "action_flag": 2, "change_message": "[{\"changed\": {\"fields\": [\"Image\"]}}]"}}, {"model": "admin.logentry", "pk": 95, "fields": {"action_time": "2021-05-27T22:46:14.366Z", "user": 1, "content_type": 8, "object_id": "3", "object_repr": "How do I plan for the wedding on a low budget", "action_flag": 2, "change_message": "[{\"changed\": {\"fields\": [\"Image\"]}}]"}}, {"model": "admin.logentry", "pk": 96, "fields": {"action_time": "2021-05-27T22:49:08.302Z", "user": 1, "content_type": 8, "object_id": "8", "object_repr": "How do I know that God has shown me the will of God", "action_flag": 2, "change_message": "[{\"changed\": {\"fields\": [\"Image\", \"Slug\"]}}]"}}, {"model": "admin.logentry", "pk": 97, "fields": {"action_time": "2021-05-28T03:58:46.459Z", "user": 1, "content_type": 8, "object_id": "2", "object_repr": "Dr Maymunah Yusuf Kadiri Spotlights Real Issues Of Mental Health & Depression In New Book ‘Deep Expression’", "action_flag": 2, "change_message": "[{\"changed\": {\"fields\": [\"Image\", \"Slug\", \"Featured\"]}}]"}}, {"model": "admin.logentry", "pk": 98, "fields": {"action_time": "2021-05-28T06:04:53.748Z", "user": 1, "content_type": 8, "object_id": "27", "object_repr": "Finding the best partner for YOU!", "action_flag": 1, "change_message": "[{\"added\": {}}]"}}, {"model": "admin.logentry", "pk": 99, "fields": {"action_time": "2021-05-28T14:27:06.345Z", "user": 1, "content_type": 7, "object_id": "6", "object_repr": "Romance", "action_flag": 2, "change_message": "[{\"changed\": {\"fields\": [\"Navbar\"]}}]"}}, {"model": "admin.logentry", "pk": 100, "fields": {"action_time": "2021-05-28T14:27:10.863Z", "user": 1, "content_type": 7, "object_id": "7", "object_repr": "Family Life", "action_flag": 2, "change_message": "[{\"changed\": {\"fields\": [\"Navbar\"]}}]"}}, {"model": "admin.logentry", "pk": 101, "fields": {"action_time": "2021-05-28T15:15:11.563Z", "user": 1, "content_type": 8, "object_id": "4", "object_repr": "We Have Published Over 600 Opinion Articles On Our Website! Let Us Publish Your Article Too", "action_flag": 2, "change_message": "[{\"changed\": {\"fields\": [\"Slug\"]}}]"}}, {"model": "admin.logentry", "pk": 102, "fields": {"action_time": "2021-05-28T15:15:22.378Z", "user": 1, "content_type": 8, "object_id": "17", "object_repr": "How do I be more romantic to my partner", "action_flag": 2, "change_message": "[]"}}, {"model": "admin.logentry", "pk": 103, "fields": {"action_time": "2021-05-28T15:16:03.106Z", "user": 1, "content_type": 8, "object_id": "4", "object_repr": "We Have Published Over 600 Opinion Articles On Our Website! Let Us Publish Your Article Too", "action_flag": 2, "change_message": "[{\"changed\": {\"fields\": [\"Image\", \"Slug\"]}}]"}}, {"model": "admin.logentry", "pk": 104, "fields": {"action_time": "2021-05-29T13:26:39.995Z", "user": 1, "content_type": 8, "object_id": "27", "object_repr": "Finding the best partner for YOU!", "action_flag": 2, "change_message": "[{\"changed\": {\"fields\": [\"Image\"]}}]"}}, {"model": "admin.logentry", "pk": 105, "fields": {"action_time": "2021-05-29T13:28:06.054Z", "user": 1, "content_type": 8, "object_id": "17", "object_repr": "How do I be more romantic to my partner", "action_flag": 2, "change_message": "[{\"changed\": {\"fields\": [\"Image\"]}}]"}}, {"model": "admin.logentry", "pk": 106, "fields": {"action_time": "2021-05-29T13:29:50.080Z", "user": 1, "content_type": 8, "object_id": "10", "object_repr": "How do I be romantic to my partner", "action_flag": 2, "change_message": "[{\"changed\": {\"fields\": [\"Image\"]}}]"}}, {"model": "admin.logentry", "pk": 107, "fields": {"action_time": "2021-05-29T14:36:15.292Z", "user": 1, "content_type": 8, "object_id": "10", "object_repr": "How do I be romantic to my partner", "action_flag": 2, "change_message": "[{\"changed\": {\"fields\": [\"Image\"]}}]"}}, {"model": "admin.logentry", "pk": 108, "fields": {"action_time": "2021-05-29T14:46:59.741Z", "user": 1, "content_type": 8, "object_id": "8", "object_repr": "How do I know that God has shown me the will of God", "action_flag": 2, "change_message": "[{\"changed\": {\"fields\": [\"Image\", \"Slug\"]}}]"}}, {"model": "admin.logentry", "pk": 109, "fields": {"action_time": "2021-05-29T18:44:00.705Z", "user": 1, "content_type": 6, "object_id": "1", "object_repr": "HolinessSingles.com", "action_flag": 2, "change_message": "[{\"changed\": {\"fields\": [\"Username\"]}}]"}}, {"model": "admin.logentry", "pk": 110, "fields": {"action_time": "2021-05-29T18:45:09.448Z", "user": 1, "content_type": 3, "object_id": "2", "object_repr": "Staff", "action_flag": 1, "change_message": "[{\"added\": {}}]"}}, {"model": "admin.logentry", "pk": 111, "fields": {"action_time": "2021-05-29T18:45:28.545Z", "user": 1, "content_type": 3, "object_id": "2", "object_repr": "Staff", "action_flag": 2, "change_message": "[{\"changed\": {\"fields\": [\"Permissions\"]}}]"}}, {"model": "admin.logentry", "pk": 112, "fields": {"action_time": "2021-05-29T18:46:14.820Z", "user": 1, "content_type": 6, "object_id": "1", "object_repr": "HolinessSingles.com", "action_flag": 2, "change_message": "[]"}}, {"model": "admin.logentry", "pk": 113, "fields": {"action_time": "2021-05-29T23:10:47.733Z", "user": 1, "content_type": 8, "object_id": "2", "object_repr": "Dr Maymunah Yusuf Kadiri Spotlights Real Issues Of Mental Health & Depression In New Book ‘Deep Expression’", "action_flag": 2, "change_message": "[{\"changed\": {\"fields\": [\"Slug\", \"View count\"]}}]"}}, {"model": "admin.logentry", "pk": 114, "fields": {"action_time": "2021-05-29T23:10:56.915Z", "user": 1, "content_type": 8, "object_id": "25", "object_repr": "About us at Singles.com", "action_flag": 2, "change_message": "[{\"changed\": {\"fields\": [\"View count\"]}}]"}}, {"model": "admin.logentry", "pk": 115, "fields": {"action_time": "2021-05-29T23:11:07.391Z", "user": 1, "content_type": 8, "object_id": "27", "object_repr": "Finding the best partner for YOU!", "action_flag": 2, "change_message": "[{\"changed\": {\"fields\": [\"View count\"]}}]"}}, {"model": "admin.logentry", "pk": 116, "fields": {"action_time": "2021-05-29T23:11:15.551Z", "user": 1, "content_type": 8, "object_id": "10", "object_repr": "How do I be romantic to my partner", "action_flag": 2, "change_message": "[{\"changed\": {\"fields\": [\"View count\"]}}]"}}, {"model": "admin.logentry", "pk": 117, "fields": {"action_time": "2021-05-29T23:11:21.358Z", "user": 1, "content_type": 8, "object_id": "25", "object_repr": "About us at Singles.com", "action_flag": 2, "change_message": "[]"}}, {"model": "admin.logentry", "pk": 118, "fields": {"action_time": "2021-05-29T23:26:21.091Z", "user": 1, "content_type": 9, "object_id": "1", "object_repr": "127.0.0.1", "action_flag": 3, "change_message": ""}}, {"model": "admin.logentry", "pk": 119, "fields": {"action_time": "2021-05-31T14:47:09.430Z", "user": 1, "content_type": 8, "object_id": "10", "object_repr": "Finding the bone of your bone and flesh of your flesh", "action_flag": 2, "change_message": "[{\"changed\": {\"fields\": [\"Title\", \"Category\"]}}]"}}, {"model": "admin.logentry", "pk": 120, "fields": {"action_time": "2021-05-31T14:47:52.177Z", "user": 1, "content_type": 8, "object_id": "25", "object_repr": "About us at DeeperLifeSingles.com", "action_flag": 2, "change_message": "[{\"changed\": {\"fields\": [\"Title\"]}}]"}}, {"model": "admin.logentry", "pk": 121, "fields": {"action_time": "2021-05-31T14:48:05.333Z", "user": 1, "content_type": 8, "object_id": "25", "object_repr": "About us at DeeperLifeSingles.com", "action_flag": 2, "change_message": "[{\"changed\": {\"fields\": [\"Image\"]}}]"}}, {"model": "admin.logentry", "pk": 122, "fields": {"action_time": "2021-05-31T14:49:12.885Z", "user": 1, "content_type": 8, "object_id": "26", "object_repr": "How we have helped alot of marriages", "action_flag": 2, "change_message": "[{\"changed\": {\"fields\": [\"Image\"]}}]"}}, {"model": "admin.logentry", "pk": 123, "fields": {"action_time": "2021-06-01T13:26:01.944Z", "user": 1, "content_type": 8, "object_id": "2", "object_repr": "Dr Maymunah Yusuf Kadiri Spotlights Real Issues Of Mental Health & Depression In New Book ‘Deep Expression’", "action_flag": 2, "change_message": "[{\"changed\": {\"fields\": [\"Published\", \"Slug\"]}}]"}}, {"model": "admin.logentry", "pk": 124, "fields": {"action_time": "2021-06-01T13:26:08.629Z", "user": 1, "content_type": 8, "object_id": "24", "object_repr": "Is courtship a long process?", "action_flag": 2, "change_message": "[{\"changed\": {\"fields\": [\"Published\"]}}]"}}, {"model": "admin.logentry", "pk": 125, "fields": {"action_time": "2021-06-01T13:26:18.465Z", "user": 1, "content_type": 8, "object_id": "12", "object_repr": "What are the exact prayer points I should pray for when asking for the will of God", "action_flag": 2, "change_message": "[{\"changed\": {\"fields\": [\"Slug\"]}}]"}}, {"model": "admin.logentry", "pk": 126, "fields": {"action_time": "2021-06-01T13:26:27.368Z", "user": 1, "content_type": 8, "object_id": "20", "object_repr": "Is Family Life easy?", "action_flag": 2, "change_message": "[{\"changed\": {\"fields\": [\"Published\"]}}]"}}, {"model": "admin.logentry", "pk": 127, "fields": {"action_time": "2021-06-01T13:30:48.469Z", "user": 1, "content_type": 8, "object_id": "20", "object_repr": "Is Family Life easy?", "action_flag": 2, "change_message": "[]"}}, {"model": "admin.logentry", "pk": 128, "fields": {"action_time": "2021-06-01T13:30:54.878Z", "user": 1, "content_type": 8, "object_id": "6", "object_repr": "Learn ABout us here", "action_flag": 2, "change_message": "[{\"changed\": {\"fields\": [\"Published\"]}}]"}}, {"model": "admin.logentry", "pk": 129, "fields": {"action_time": "2021-06-01T13:31:08.001Z", "user": 1, "content_type": 8, "object_id": "4", "object_repr": "We Have Published Over 600 Opinion Articles On Our Website! Let Us Publish Your Article Too", "action_flag": 2, "change_message": "[{\"changed\": {\"fields\": [\"Published\", \"Slug\"]}}]"}}, {"model": "admin.logentry", "pk": 130, "fields": {"action_time": "2021-06-01T13:33:48.723Z", "user": 1, "content_type": 8, "object_id": "25", "object_repr": "About us at DeeperLifeSingles.com", "action_flag": 2, "change_message": "[{\"changed\": {\"fields\": [\"Published\"]}}]"}}, {"model": "admin.logentry", "pk": 131, "fields": {"action_time": "2021-06-01T14:18:20.360Z", "user": 1, "content_type": 8, "object_id": "28", "object_repr": "How Britain Ends", "action_flag": 3, "change_message": ""}}, {"model": "admin.logentry", "pk": 132, "fields": {"action_time": "2021-06-01T14:28:12.008Z", "user": 1, "content_type": 8, "object_id": "32", "object_repr": "Jesus the afut-hor of marriages", "action_flag": 3, "change_message": ""}}, {"model": "admin.logentry", "pk": 133, "fields": {"action_time": "2021-06-01T20:13:00.043Z", "user": 1, "content_type": 6, "object_id": "1", "object_repr": "HolinessSingles.com", "action_flag": 2, "change_message": "[]"}}, {"model": "admin.logentry", "pk": 134, "fields": {"action_time": "2021-06-03T12:45:30.565Z", "user": 1, "content_type": 6, "object_id": "2", "object_repr": "author1", "action_flag": 1, "change_message": "[{\"added\": {}}]"}}, {"model": "admin.logentry", "pk": 135, "fields": {"action_time": "2021-06-03T20:59:32.893Z", "user": 1, "content_type": 11, "object_id": "1", "object_repr": "John Hendrik", "action_flag": 1, "change_message": "[{\"added\": {}}]"}}, {"model": "admin.logentry", "pk": 136, "fields": {"action_time": "2021-06-03T21:15:43.025Z", "user": 1, "content_type": 11, "object_id": "2", "object_repr": "Boby taker", "action_flag": 1, "change_message": "[{\"added\": {}}]"}}, {"model": "admin.logentry", "pk": 137, "fields": {"action_time": "2021-06-03T21:22:52.827Z", "user": 1, "content_type": 11, "object_id": "3", "object_repr": "adfa", "action_flag": 1, "change_message": "[{\"added\": {}}]"}}, {"model": "admin.logentry", "pk": 138, "fields": {"action_time": "2021-06-03T21:40:57.258Z", "user": 1, "content_type": 11, "object_id": "4", "object_repr": "asdfasdf", "action_flag": 1, "change_message": "[{\"added\": {}}]"}}, {"model": "admin.logentry", "pk": 139, "fields": {"action_time": "2021-06-03T21:43:55.441Z", "user": 1, "content_type": 11, "object_id": "5", "object_repr": "ASDFA", "action_flag": 1, "change_message": "[{\"added\": {}}]"}}, {"model": "admin.logentry", "pk": 140, "fields": {"action_time": "2021-06-03T21:52:02.281Z", "user": 1, "content_type": 11, "object_id": "6", "object_repr": "ads", "action_flag": 1, "change_message": "[{\"added\": {}}]"}}, {"model": "admin.logentry", "pk": 141, "fields": {"action_time": "2021-06-03T21:57:13.630Z", "user": 1, "content_type": 11, "object_id": "7", "object_repr": "asdfasdf", "action_flag": 1, "change_message": "[{\"added\": {}}]"}}, {"model": "admin.logentry", "pk": 142, "fields": {"action_time": "2021-06-04T20:00:38.485Z", "user": 1, "content_type": 11, "object_id": "8", "object_repr": "asdfasdfadsfasdfasdf", "action_flag": 1, "change_message": "[{\"added\": {}}]"}}, {"model": "admin.logentry", "pk": 143, "fields": {"action_time": "2021-06-04T20:01:00.367Z", "user": 1, "content_type": 11, "object_id": "8", "object_repr": "asdfasdfadsfasdfasdf", "action_flag": 2, "change_message": "[{\"changed\": {\"fields\": [\"Body\"]}}]"}}, {"model": "admin.logentry", "pk": 144, "fields": {"action_time": "2021-06-04T20:02:03.803Z", "user": 1, "content_type": 11, "object_id": "8", "object_repr": "asdfasdfadsfasdfasdf", "action_flag": 2, "change_message": "[{\"changed\": {\"fields\": [\"Body\"]}}]"}}, {"model": "admin.logentry", "pk": 145, "fields": {"action_time": "2021-06-04T20:02:32.979Z", "user": 1, "content_type": 11, "object_id": "8", "object_repr": "asdfasdfadsfasdfasdf", "action_flag": 2, "change_message": "[{\"changed\": {\"fields\": [\"Read\"]}}]"}}, {"model": "admin.logentry", "pk": 146, "fields": {"action_time": "2021-06-04T21:24:25.697Z", "user": 1, "content_type": 11, "object_id": "6", "object_repr": "ads", "action_flag": 2, "change_message": "[{\"changed\": {\"fields\": [\"Read\"]}}]"}}, {"model": "admin.logentry", "pk": 147, "fields": {"action_time": "2021-06-05T00:09:44.218Z", "user": 1, "content_type": 8, "object_id": "16", "object_repr": "How much should I have to be eligible to seek marriage?", "action_flag": 2, "change_message": "[{\"changed\": {\"fields\": [\"Category\", \"Slug\"]}}]"}}, {"model": "admin.logentry", "pk": 148, "fields": {"action_time": "2021-06-05T00:10:06.054Z", "user": 1, "content_type": 8, "object_id": "3", "object_repr": "How do I plan for the wedding on a low budget", "action_flag": 2, "change_message": "[{\"changed\": {\"fields\": [\"Published\"]}}]"}}, {"model": "admin.logentry", "pk": 149, "fields": {"action_time": "2021-06-21T12:51:35.888Z", "user": 30, "content_type": 7, "object_id": "3", "object_repr": "Sanctification", "action_flag": 2, "change_message": "[{\"changed\": {\"fields\": [\"Name\"]}}]"}}, {"model": "admin.logentry", "pk": 150, "fields": {"action_time": "2021-06-21T12:51:51.577Z", "user": 30, "content_type": 7, "object_id": "2", "object_repr": "Holiness", "action_flag": 2, "change_message": "[{\"changed\": {\"fields\": [\"Name\", \"Slug\"]}}]"}}, {"model": "admin.logentry", "pk": 151, "fields": {"action_time": "2021-06-21T12:52:22.229Z", "user": 30, "content_type": 8, "object_id": "10", "object_repr": "Finding the bone of your bone and flesh of your flesh", "action_flag": 3, "change_message": ""}}, {"model": "admin.logentry", "pk": 152, "fields": {"action_time": "2021-06-21T12:52:22.231Z", "user": 30, "content_type": 8, "object_id": "11", "object_repr": "How do I cope with singlehood", "action_flag": 3, "change_message": ""}}, {"model": "admin.logentry", "pk": 153, "fields": {"action_time": "2021-06-21T12:52:22.233Z", "user": 30, "content_type": 8, "object_id": "8", "object_repr": "How do I know that God has shown me the will of God", "action_flag": 3, "change_message": ""}}, {"model": "admin.logentry", "pk": 154, "fields": {"action_time": "2021-06-21T12:52:22.235Z", "user": 30, "content_type": 8, "object_id": "3", "object_repr": "How do I plan for the wedding on a low budget", "action_flag": 3, "change_message": ""}}, {"model": "admin.logentry", "pk": 155, "fields": {"action_time": "2021-06-21T12:52:22.236Z", "user": 30, "content_type": 8, "object_id": "7", "object_repr": "How do i finance singlehood till marriage", "action_flag": 3, "change_message": ""}}, {"model": "admin.logentry", "pk": 156, "fields": {"action_time": "2021-06-21T12:52:22.238Z", "user": 30, "content_type": 8, "object_id": "16", "object_repr": "How much should I have to be eligible to seek marriage?", "action_flag": 3, "change_message": ""}}, {"model": "admin.logentry", "pk": 157, "fields": {"action_time": "2021-06-21T12:52:22.240Z", "user": 30, "content_type": 8, "object_id": "22", "object_repr": "How old should I be when considering marriage", "action_flag": 3, "change_message": ""}}, {"model": "admin.logentry", "pk": 158, "fields": {"action_time": "2021-06-21T12:52:22.242Z", "user": 30, "content_type": 8, "object_id": "13", "object_repr": "How should i know that God is the one speaking?", "action_flag": 3, "change_message": ""}}, {"model": "admin.logentry", "pk": 159, "fields": {"action_time": "2021-06-21T12:52:22.243Z", "user": 30, "content_type": 8, "object_id": "18", "object_repr": "How should i raise my family as a man?(Men)", "action_flag": 3, "change_message": ""}}, {"model": "admin.logentry", "pk": 160, "fields": {"action_time": "2021-06-21T12:52:22.245Z", "user": 30, "content_type": 8, "object_id": "19", "object_repr": "How should i treat my familt as a woman(Women)", "action_flag": 3, "change_message": ""}}, {"model": "admin.logentry", "pk": 161, "fields": {"action_time": "2021-06-21T12:52:22.247Z", "user": 30, "content_type": 8, "object_id": "1", "object_repr": "How to cultivate good finance in marriage", "action_flag": 3, "change_message": ""}}, {"model": "admin.logentry", "pk": 162, "fields": {"action_time": "2021-06-21T12:52:22.249Z", "user": 30, "content_type": 8, "object_id": "26", "object_repr": "How we have helped alot of marriages", "action_flag": 3, "change_message": ""}}, {"model": "admin.logentry", "pk": 163, "fields": {"action_time": "2021-06-21T12:52:22.251Z", "user": 30, "content_type": 8, "object_id": "20", "object_repr": "Is Family Life easy?", "action_flag": 3, "change_message": ""}}, {"model": "admin.logentry", "pk": 164, "fields": {"action_time": "2021-06-21T12:52:22.253Z", "user": 30, "content_type": 8, "object_id": "24", "object_repr": "Is courtship a long process?", "action_flag": 3, "change_message": ""}}, {"model": "admin.logentry", "pk": 165, "fields": {"action_time": "2021-06-21T12:52:22.255Z", "user": 30, "content_type": 8, "object_id": "34", "object_repr": "Jesus tdhe gafuthor of marriages", "action_flag": 3, "change_message": ""}}, {"model": "admin.logentry", "pk": 166, "fields": {"action_time": "2021-06-21T12:52:22.256Z", "user": 30, "content_type": 8, "object_id": "31", "object_repr": "Jesus the afuthor of marriages", "action_flag": 3, "change_message": ""}}, {"model": "admin.logentry", "pk": 167, "fields": {"action_time": "2021-06-21T12:52:22.258Z", "user": 30, "content_type": 8, "object_id": "30", "object_repr": "Jesus the author of marriages", "action_flag": 3, "change_message": ""}}, {"model": "admin.logentry", "pk": 168, "fields": {"action_time": "2021-06-21T12:52:22.260Z", "user": 30, "content_type": 8, "object_id": "33", "object_repr": "Jesus the gafuthor of marriages", "action_flag": 3, "change_message": ""}}, {"model": "admin.logentry", "pk": 169, "fields": {"action_time": "2021-06-21T12:52:22.261Z", "user": 30, "content_type": 8, "object_id": "6", "object_repr": "Learn ABout us here", "action_flag": 3, "change_message": ""}}, {"model": "admin.logentry", "pk": 170, "fields": {"action_time": "2021-06-21T12:52:22.263Z", "user": 30, "content_type": 8, "object_id": "29", "object_repr": "Marriage is worth the wais, heres whty", "action_flag": 3, "change_message": ""}}, {"model": "admin.logentry", "pk": 171, "fields": {"action_time": "2021-06-21T12:52:22.264Z", "user": 30, "content_type": 8, "object_id": "36", "object_repr": "Preparing for the courtship process", "action_flag": 3, "change_message": ""}}, {"model": "admin.logentry", "pk": 172, "fields": {"action_time": "2021-06-21T12:52:22.266Z", "user": 30, "content_type": 8, "object_id": "21", "object_repr": "Should I tell my will of God before marriage commitee", "action_flag": 3, "change_message": ""}}, {"model": "admin.logentry", "pk": 173, "fields": {"action_time": "2021-06-21T12:52:22.268Z", "user": 30, "content_type": 8, "object_id": "4", "object_repr": "We Have Published Over 600 Opinion Articles On Our Website! Let Us Publish Your Article Too", "action_flag": 3, "change_message": ""}}, {"model": "admin.logentry", "pk": 174, "fields": {"action_time": "2021-06-21T12:52:22.270Z", "user": 30, "content_type": 8, "object_id": "12", "object_repr": "What are the exact prayer points I should pray for when asking for the will of God", "action_flag": 3, "change_message": ""}}, {"model": "admin.logentry", "pk": 175, "fields": {"action_time": "2021-06-21T12:52:22.272Z", "user": 30, "content_type": 8, "object_id": "9", "object_repr": "What should I say in courtship(Men)", "action_flag": 3, "change_message": ""}}, {"model": "admin.logentry", "pk": 176, "fields": {"action_time": "2021-06-21T12:52:22.273Z", "user": 30, "content_type": 8, "object_id": "14", "object_repr": "What should i not say when I see the will of God", "action_flag": 3, "change_message": ""}}, {"model": "admin.logentry", "pk": 177, "fields": {"action_time": "2021-06-21T12:52:22.275Z", "user": 30, "content_type": 8, "object_id": "35", "object_repr": "the way of god", "action_flag": 3, "change_message": ""}}, {"model": "admin.logentry", "pk": 178, "fields": {"action_time": "2021-06-21T12:58:09.215Z", "user": 30, "content_type": 8, "object_id": "37", "object_repr": "Possessing your soul in sanctification", "action_flag": 1, "change_message": "[{\"added\": {}}]"}}, {"model": "admin.logentry", "pk": 179, "fields": {"action_time": "2021-06-21T13:33:28.170Z", "user": 30, "content_type": 8, "object_id": "37", "object_repr": "Possessing your soul in sanctification", "action_flag": 2, "change_message": "[{\"changed\": {\"fields\": [\"Image\"]}}]"}}, {"model": "admin.logentry", "pk": 180, "fields": {"action_time": "2021-06-21T13:50:46.988Z", "user": 30, "content_type": 7, "object_id": "1", "object_repr": "Restitution", "action_flag": 2, "change_message": "[{\"changed\": {\"fields\": [\"Name\"]}}]"}}, {"model": "admin.logentry", "pk": 181, "fields": {"action_time": "2021-06-21T13:51:22.994Z", "user": 30, "content_type": 7, "object_id": "7", "object_repr": "Events", "action_flag": 2, "change_message": "[{\"changed\": {\"fields\": [\"Name\"]}}]"}}, {"model": "admin.logentry", "pk": 182, "fields": {"action_time": "2021-06-21T13:52:52.172Z", "user": 30, "content_type": 7, "object_id": "5", "object_repr": "Purity", "action_flag": 2, "change_message": "[{\"changed\": {\"fields\": [\"Name\"]}}]"}}, {"model": "admin.logentry", "pk": 183, "fields": {"action_time": "2021-06-21T13:53:06.170Z", "user": 30, "content_type": 7, "object_id": "4", "object_repr": "Evangelism", "action_flag": 2, "change_message": "[{\"changed\": {\"fields\": [\"Name\"]}}]"}}, {"model": "admin.logentry", "pk": 184, "fields": {"action_time": "2021-06-21T14:07:37.897Z", "user": 30, "content_type": 8, "object_id": "38", "object_repr": "Is Restitution necessary as Christians?", "action_flag": 1, "change_message": "[{\"added\": {}}]"}}, {"model": "admin.logentry", "pk": 185, "fields": {"action_time": "2021-06-21T14:26:55.373Z", "user": 30, "content_type": 8, "object_id": "37", "object_repr": "Possessing your soul in sanctification", "action_flag": 2, "change_message": "[{\"changed\": {\"fields\": [\"Category\"]}}]"}}, {"model": "admin.logentry", "pk": 186, "fields": {"action_time": "2021-06-21T14:28:00.856Z", "user": 30, "content_type": 8, "object_id": "39", "object_repr": "How we want to help souls the holiness of God", "action_flag": 1, "change_message": "[{\"added\": {}}]"}}, {"model": "admin.logentry", "pk": 187, "fields": {"action_time": "2021-06-21T14:41:56.892Z", "user": 30, "content_type": 8, "object_id": "39", "object_repr": "How we want to help souls the holiness of God", "action_flag": 2, "change_message": "[{\"changed\": {\"fields\": [\"Featured\"]}}]"}}, {"model": "admin.logentry", "pk": 188, "fields": {"action_time": "2021-06-21T15:37:22.016Z", "user": 30, "content_type": 8, "object_id": "39", "object_repr": "How we want to help souls the holiness of God", "action_flag": 2, "change_message": "[{\"changed\": {\"fields\": [\"Image\"]}}]"}}, {"model": "admin.logentry", "pk": 189, "fields": {"action_time": "2021-09-16T17:07:34.294Z", "user": 30, "content_type": 8, "object_id": "39", "object_repr": "How we want to graphic design for the world!", "action_flag": 2, "change_message": "[{\"changed\": {\"fields\": [\"Title\"]}}]"}}, {"model": "admin.logentry", "pk": 190, "fields": {"action_time": "2021-09-16T17:07:59.102Z", "user": 30, "content_type": 8, "object_id": "38", "object_repr": "Flyer Design Party", "action_flag": 2, "change_message": "[{\"changed\": {\"fields\": [\"Title\"]}}]"}}, {"model": "admin.logentry", "pk": 191, "fields": {"action_time": "2021-09-16T17:08:10.456Z", "user": 30, "content_type": 8, "object_id": "37", "object_repr": "Flyer Design for movie", "action_flag": 2, "change_message": "[{\"changed\": {\"fields\": [\"Title\"]}}]"}}, {"model": "admin.logentry", "pk": 192, "fields": {"action_time": "2021-09-16T17:08:56.216Z", "user": 30, "content_type": 7, "object_id": "4", "object_repr": "Posters", "action_flag": 2, "change_message": "[{\"changed\": {\"fields\": [\"Name\"]}}]"}}, {"model": "admin.logentry", "pk": 193, "fields": {"action_time": "2021-09-16T17:09:03.887Z", "user": 30, "content_type": 7, "object_id": "7", "object_repr": "Logos", "action_flag": 2, "change_message": "[{\"changed\": {\"fields\": [\"Name\"]}}]"}}, {"model": "admin.logentry", "pk": 194, "fields": {"action_time": "2021-09-16T17:10:43.937Z", "user": 30, "content_type": 7, "object_id": "5", "object_repr": "Album Covers", "action_flag": 2, "change_message": "[{\"changed\": {\"fields\": [\"Name\", \"Description\"]}}]"}}, {"model": "admin.logentry", "pk": 195, "fields": {"action_time": "2021-09-16T17:10:59.497Z", "user": 30, "content_type": 7, "object_id": "2", "object_repr": "Book Covers", "action_flag": 2, "change_message": "[{\"changed\": {\"fields\": [\"Name\"]}}]"}}, {"model": "admin.logentry", "pk": 196, "fields": {"action_time": "2021-09-16T17:11:11.848Z", "user": 30, "content_type": 7, "object_id": "1", "object_repr": "Banners", "action_flag": 2, "change_message": "[{\"changed\": {\"fields\": [\"Name\"]}}]"}}, {"model": "admin.logentry", "pk": 197, "fields": {"action_time": "2021-09-16T17:11:20.393Z", "user": 30, "content_type": 7, "object_id": "3", "object_repr": "Business Cards", "action_flag": 2, "change_message": "[{\"changed\": {\"fields\": [\"Name\"]}}]"}}, {"model": "admin.logentry", "pk": 198, "fields": {"action_time": "2021-09-16T17:12:09.153Z", "user": 30, "content_type": 7, "object_id": "12", "object_repr": "Flyers", "action_flag": 1, "change_message": "[{\"added\": {}}]"}}, {"model": "admin.logentry", "pk": 199, "fields": {"action_time": "2021-09-18T18:54:12.951Z", "user": 30, "content_type": 6, "object_id": "1", "object_repr": "taiwo777", "action_flag": 2, "change_message": "[{\"changed\": {\"fields\": [\"Username\", \"First name\", \"Last name\"]}}]"}}, {"model": "auth.permission", "pk": 1, "fields": {"name": "Can add log entry", "content_type": 1, "codename": "add_logentry"}}, {"model": "auth.permission", "pk": 2, "fields": {"name": "Can change log entry", "content_type": 1, "codename": "change_logentry"}}, {"model": "auth.permission", "pk": 3, "fields": {"name": "Can delete log entry", "content_type": 1, "codename": "delete_logentry"}}, {"model": "auth.permission", "pk": 4, "fields": {"name": "Can view log entry", "content_type": 1, "codename": "view_logentry"}}, {"model": "auth.permission", "pk": 5, "fields": {"name": "Can add permission", "content_type": 2, "codename": "add_permission"}}, {"model": "auth.permission", "pk": 6, "fields": {"name": "Can change permission", "content_type": 2, "codename": "change_permission"}}, {"model": "auth.permission", "pk": 7, "fields": {"name": "Can delete permission", "content_type": 2, "codename": "delete_permission"}}, {"model": "auth.permission", "pk": 8, "fields": {"name": "Can view permission", "content_type": 2, "codename": "view_permission"}}, {"model": "auth.permission", "pk": 9, "fields": {"name": "Can add group", "content_type": 3, "codename": "add_group"}}, {"model": "auth.permission", "pk": 10, "fields": {"name": "Can change group", "content_type": 3, "codename": "change_group"}}, {"model": "auth.permission", "pk": 11, "fields": {"name": "Can delete group", "content_type": 3, "codename": "delete_group"}}, {"model": "auth.permission", "pk": 12, "fields": {"name": "Can view group", "content_type": 3, "codename": "view_group"}}, {"model": "auth.permission", "pk": 13, "fields": {"name": "Can add content type", "content_type": 4, "codename": "add_contenttype"}}, {"model": "auth.permission", "pk": 14, "fields": {"name": "Can change content type", "content_type": 4, "codename": "change_contenttype"}}, {"model": "auth.permission", "pk": 15, "fields": {"name": "Can delete content type", "content_type": 4, "codename": "delete_contenttype"}}, {"model": "auth.permission", "pk": 16, "fields": {"name": "Can view content type", "content_type": 4, "codename": "view_contenttype"}}, {"model": "auth.permission", "pk": 17, "fields": {"name": "Can add session", "content_type": 5, "codename": "add_session"}}, {"model": "auth.permission", "pk": 18, "fields": {"name": "Can change session", "content_type": 5, "codename": "change_session"}}, {"model": "auth.permission", "pk": 19, "fields": {"name": "Can delete session", "content_type": 5, "codename": "delete_session"}}, {"model": "auth.permission", "pk": 20, "fields": {"name": "Can view session", "content_type": 5, "codename": "view_session"}}, {"model": "auth.permission", "pk": 21, "fields": {"name": "Can add user", "content_type": 6, "codename": "add_customuser"}}, {"model": "auth.permission", "pk": 22, "fields": {"name": "Can change user", "content_type": 6, "codename": "change_customuser"}}, {"model": "auth.permission", "pk": 23, "fields": {"name": "Can delete user", "content_type": 6, "codename": "delete_customuser"}}, {"model": "auth.permission", "pk": 24, "fields": {"name": "Can view user", "content_type": 6, "codename": "view_customuser"}}, {"model": "auth.permission", "pk": 25, "fields": {"name": "Can add category", "content_type": 7, "codename": "add_category"}}, {"model": "auth.permission", "pk": 26, "fields": {"name": "Can change category", "content_type": 7, "codename": "change_category"}}, {"model": "auth.permission", "pk": 27, "fields": {"name": "Can delete category", "content_type": 7, "codename": "delete_category"}}, {"model": "auth.permission", "pk": 28, "fields": {"name": "Can view category", "content_type": 7, "codename": "view_category"}}, {"model": "auth.permission", "pk": 29, "fields": {"name": "Can add post", "content_type": 8, "codename": "add_post"}}, {"model": "auth.permission", "pk": 30, "fields": {"name": "Can change post", "content_type": 8, "codename": "change_post"}}, {"model": "auth.permission", "pk": 31, "fields": {"name": "Can delete post", "content_type": 8, "codename": "delete_post"}}, {"model": "auth.permission", "pk": 32, "fields": {"name": "Can view post", "content_type": 8, "codename": "view_post"}}, {"model": "auth.permission", "pk": 33, "fields": {"name": "Can add user session", "content_type": 9, "codename": "add_usersession"}}, {"model": "auth.permission", "pk": 34, "fields": {"name": "Can change user session", "content_type": 9, "codename": "change_usersession"}}, {"model": "auth.permission", "pk": 35, "fields": {"name": "Can delete user session", "content_type": 9, "codename": "delete_usersession"}}, {"model": "auth.permission", "pk": 36, "fields": {"name": "Can view user session", "content_type": 9, "codename": "view_usersession"}}, {"model": "auth.permission", "pk": 37, "fields": {"name": "Can add author", "content_type": 10, "codename": "add_author"}}, {"model": "auth.permission", "pk": 38, "fields": {"name": "Can change author", "content_type": 10, "codename": "change_author"}}, {"model": "auth.permission", "pk": 39, "fields": {"name": "Can delete author", "content_type": 10, "codename": "delete_author"}}, {"model": "auth.permission", "pk": 40, "fields": {"name": "Can view author", "content_type": 10, "codename": "view_author"}}, {"model": "auth.permission", "pk": 41, "fields": {"name": "Can add messages", "content_type": 11, "codename": "add_messages"}}, {"model": "auth.permission", "pk": 42, "fields": {"name": "Can change messages", "content_type": 11, "codename": "change_messages"}}, {"model": "auth.permission", "pk": 43, "fields": {"name": "Can delete messages", "content_type": 11, "codename": "delete_messages"}}, {"model": "auth.permission", "pk": 44, "fields": {"name": "Can view messages", "content_type": 11, "codename": "view_messages"}}, {"model": "auth.group", "pk": 1, "fields": {"name": "Admin", "permissions": [21, 22, 23, 24, 1, 2, 3, 4, 9, 10, 11, 12, 5, 6, 7, 8, 13, 14, 15, 16, 17, 18, 19, 20]}}, {"model": "auth.group", "pk": 2, "fields": {"name": "Staff", "permissions": []}}, {"model": "contenttypes.contenttype", "pk": 1, "fields": {"app_label": "admin", "model": "logentry"}}, {"model": "contenttypes.contenttype", "pk": 2, "fields": {"app_label": "auth", "model": "permission"}}, {"model": "contenttypes.contenttype", "pk": 3, "fields": {"app_label": "auth", "model": "group"}}, {"model": "contenttypes.contenttype", "pk": 4, "fields": {"app_label": "contenttypes", "model": "contenttype"}}, {"model": "contenttypes.contenttype", "pk": 5, "fields": {"app_label": "sessions", "model": "session"}}, {"model": "contenttypes.contenttype", "pk": 6, "fields": {"app_label": "accounts", "model": "customuser"}}, {"model": "contenttypes.contenttype", "pk": 7, "fields": {"app_label": "website", "model": "category"}}, {"model": "contenttypes.contenttype", "pk": 8, "fields": {"app_label": "website", "model": "post"}}, {"model": "contenttypes.contenttype", "pk": 9, "fields": {"app_label": "website", "model": "usersession"}}, {"model": "contenttypes.contenttype", "pk": 10, "fields": {"app_label": "accounts", "model": "author"}}, {"model": "contenttypes.contenttype", "pk": 11, "fields": {"app_label": "contact", "model": "messages"}}, {"model": "sessions.session", "pk": "33illapostvqvapx6gtyy57ja4rp21q7", "fields": {"session_data": ".eJxVjMsOwiAQRf-FtSGUATrj0r3fQAaGStXQpI-V8d-1SRe6veec-1KRt7XGbSlzHEWdFRh1-h0T50dpO5E7t9uk89TWeUx6V_RBF32dpDwvh_t3UHmp37pPZCVZ9B4RkwB3xTlvHfqh7wyYgYBFKDixvsdsiLIAIAc7BAOB1PsD6AA2_w:1lvJOO:qy33Ve2S_nwLP6AinTKBGw6eScuCZVQPz47WPOqNnBo", "expire_date": "2021-07-05T12:51:08.475Z"}}, {"model": "sessions.session", "pk": "3kcwfxa0pr1fq77uisltgy9s4kkh7tda", "fields": {"session_data": ".eJxVjMsOwiAQRf-FtSGUATrj0r3fQAaGStXQpI-V8d-1SRe6veec-1KRt7XGbSlzHEWdFRh1-h0T50dpO5E7t9uk89TWeUx6V_RBF32dpDwvh_t3UHmp37pPZCVZ9B4RkwB3xTlvHfqh7wyYgYBFKDixvsdsiLIAIAc7BAOB1PsD6AA2_w:1lvLyN:8ilsQ7komiMZj5npMYBKLXKKIXBcfV1PyzJl86a10u0", "expire_date": "2021-07-05T15:36:27.758Z"}}, {"model": "sessions.session", "pk": "8hrw4tzf9br9p63j1vi92wxzkt7eu9q9", "fields": {"session_data": ".eJxVjMsOwiAQRf-FtSEgb5fu-w1kmAGpGkhKuzL-uzbpQrf3nHNfLMK21riNvMSZ2IVJdvrdEuAjtx3QHdqtc-xtXebEd4UfdPCpU35eD_fvoMKo31qjV-ksXLFOWEfZm2StFiVTRpRGgDNFBe08WmUTYaEAAYVXvkiBqNn7A-BuOBM:1lkZAa:1dAdfqbE-Iov4Zz5pYUgGENguKFfW0wscN8zmGOOzb0", "expire_date": "2021-06-05T21:28:28.768Z"}}, {"model": "sessions.session", "pk": "bl62pv2405ejzjkdj0be1ptglrhr0inz", "fields": {"session_data": ".eJxVjMsOwiAQRf-FtSGUATrj0r3fQAaGStXQpI-V8d-1SRe6veec-1KRt7XGbSlzHEWdFRh1-h0T50dpO5E7t9uk89TWeUx6V_RBF32dpDwvh_t3UHmp37pPZCVZ9B4RkwB3xTlvHfqh7wyYgYBFKDixvsdsiLIAIAc7BAOB1PsD6AA2_w:1mQuqV:WMnv9ExHVSbN7eM9PUKSwl_2E1InTAaNGYy3rjEoJT8", "expire_date": "2021-09-30T17:06:47.738Z"}}, {"model": "sessions.session", "pk": "d376za35i9o0hqwppvyo8omglu4nyegi", "fields": {"session_data": ".eJxVjMsOwiAQRf-FtSEgb5fu-w1kmAGpGkhKuzL-uzbpQrf3nHNfLMK21riNvMSZ2IVJdvrdEuAjtx3QHdqtc-xtXebEd4UfdPCpU35eD_fvoMKo31qjV-ksXLFOWEfZm2StFiVTRpRGgDNFBe08WmUTYaEAAYVXvkiBqNn7A-BuOBM:1llZ79:bSrwKbqaUz5TpM8_MKx2hvI3warTIBu1fEWpvJ6JOHY", "expire_date": "2021-06-08T15:37:03.824Z"}}, {"model": "sessions.session", "pk": "fq2gct5asfnbbirfxkp4dfu4fndxsrvc", "fields": {"session_data": ".eJxVjMsOwiAQRf-FtSEgb5fu-w1kmAGpGkhKuzL-uzbpQrf3nHNfLMK21riNvMSZ2IVJdvrdEuAjtx3QHdqtc-xtXebEd4UfdPCpU35eD_fvoMKo31qjV-ksXLFOWEfZm2StFiVTRpRGgDNFBe08WmUTYaEAAYVXvkiBqNn7A-BuOBM:1louQi:iKKFAR39ZbrE_uguF64FTtrpbzsZxfk-y-Af3B9S73E", "expire_date": "2021-06-17T20:59:04.304Z"}}, {"model": "sessions.session", "pk": "gjxx1hmvgemzc4zysjfsi5afsh4qecbi", "fields": {"session_data": ".eJxVjMsOwiAQRf-FtSEgb5fu-w1kmAGpGkhKuzL-uzbpQrf3nHNfLMK21riNvMSZ2IVJdvrdEuAjtx3QHdqtc-xtXebEd4UfdPCpU35eD_fvoMKo31qjV-ksXLFOWEfZm2StFiVTRpRGgDNFBe08WmUTYaEAAYVXvkiBqNn7A-BuOBM:1lnfyA:4IXvmjiiVjuJA5R7yoBXUHAztTRRU3HA1Q_grVK74n4", "expire_date": "2021-06-14T11:20:30.011Z"}}, {"model": "sessions.session", "pk": "mtlux6n4316l7qvxuygzvkswh4iws9pr", "fields": {"session_data": ".eJxVjMsOwiAQRf-FtSEgb5fu-w1kmAGpGkhKuzL-uzbpQrf3nHNfLMK21riNvMSZ2IVJdvrdEuAjtx3QHdqtc-xtXebEd4UfdPCpU35eD_fvoMKo31qjV-ksXLFOWEfZm2StFiVTRpRGgDNFBe08WmUTYaEAAYVXvkiBqNn7A-BuOBM:1loa8z:aAZZC-qub4tcV6jl5fKkswnjCTZKHvefFwTb-9k8oM4", "expire_date": "2021-06-16T23:19:25.586Z"}}, {"model": "sessions.session", "pk": "r03icumh70adhi7aynvxinjgzgqc0cy8", "fields": {"session_data": ".eJxVjMsOwiAQRf-FtSEgb5fu-w1kmAGpGkhKuzL-uzbpQrf3nHNfLMK21riNvMSZ2IVJdvrdEuAjtx3QHdqtc-xtXebEd4UfdPCpU35eD_fvoMKo31qjV-ksXLFOWEfZm2StFiVTRpRGgDNFBe08WmUTYaEAAYVXvkiBqNn7A-BuOBM:1lo4Oq:DtqPU3O0rObHtDkBii4wlNwNJPohCBsuEsIPEADIsrI", "expire_date": "2021-06-15T13:25:40.277Z"}}, {"model": "sessions.session", "pk": "rbrpql7298x7fs91ditosbavwo92fxrj", "fields": {"session_data": ".eJxVjMsOwiAQRf-FtSEgb5fu-w1kmAGpGkhKuzL-uzbpQrf3nHNfLMK21riNvMSZ2IVJdvrdEuAjtx3QHdqtc-xtXebEd4UfdPCpU35eD_fvoMKo31qjV-ksXLFOWEfZm2StFiVTRpRGgDNFBe08WmUTYaEAAYVXvkiBqNn7A-BuOBM:1ll8Zu:aaIIFuWhOQK5yLqzDg8CAawxh58i61xnVkSaroRIF4w", "expire_date": "2021-06-07T11:16:58.221Z"}}, {"model": "accounts.customuser", "pk": 1, "fields": {"password": "pbkdf2_sha256$260000$fDLjvvDFV5aiYNPh5dRWUD$b5uU5k01thKwdApMxDvVXM44kVkdHX3ekpaGcgGlzSc=", "last_login": "2021-09-18T18:59:23.816Z", "is_superuser": true, "username": "taiwo777", "email": "taiwo.obadare@gmail.com", "is_staff": true, "is_active": true, "date_joined": "2021-05-22T21:28:06Z", "first_name": "Matthew", "last_name": "Oluwadare", "profile_image": "accounts/user01.jpeg", "groups": [1], "user_permissions": []}}, {"model": "accounts.customuser", "pk": 2, "fields": {"password": "pbkdf2_sha256$260000$87TAYtVl2C9U6A2vg0mKQB$r5AEbxcW0d4E84TCqXLD+s0tRnStCWjIebG3sjrnkK4=", "last_login": null, "is_superuser": false, "username": "author1", "email": "", "is_staff": false, "is_active": true, "date_joined": "2021-06-03T12:45:30.339Z", "first_name": "", "last_name": "", "profile_image": "accounts/user01.jpeg", "groups": [], "user_permissions": []}}, {"model": "accounts.customuser", "pk": 3, "fields": {"password": "pbkdf2_sha256$260000$x92BTfhIPNIy6pmCOf2yy1$AeTbY41Ig0mCH4oyO8bASS4t8rlr6kbVSBuYFSAaw+E=", "last_login": null, "is_superuser": false, "username": "Mike", "email": "", "is_staff": false, "is_active": true, "date_joined": "2021-06-03T16:47:25.600Z", "first_name": "Mike", "last_name": "Bobby", "profile_image": "accounts/user01.jpeg", "groups": [], "user_permissions": []}}, {"model": "accounts.customuser", "pk": 4, "fields": {"password": "pbkdf2_sha256$260000$ld0Nxfl8yZLEr9SomVUmDt$ndq3agPoqk2MPx0Sy54cE7bLbc76F7bBGWgWLgeNmsw=", "last_login": null, "is_superuser": false, "username": "Mikeo", "email": "", "is_staff": false, "is_active": true, "date_joined": "2021-06-03T16:48:16.224Z", "first_name": "Mikeo", "last_name": "Bobby", "profile_image": "accounts/user01.jpeg", "groups": [], "user_permissions": []}}, {"model": "accounts.customuser", "pk": 5, "fields": {"password": "pbkdf2_sha256$260000$68lkGbKBk4xLqvQ7jrQErR$oGo0Jdv+wsKm9Z6kfYjNpxxuUFKn4bflTfVk6Y9G2bM=", "last_login": null, "is_superuser": false, "username": "Mikeoo", "email": "", "is_staff": false, "is_active": true, "date_joined": "2021-06-03T16:50:01.142Z", "first_name": "Mikeo", "last_name": "Bobby", "profile_image": "accounts/user01.jpeg", "groups": [], "user_permissions": []}}, {"model": "accounts.customuser", "pk": 6, "fields": {"password": "pbkdf2_sha256$260000$69k7XfYJlmkQmIHJmLPUbI$wIWCW8jyHvqA29cB66lBvuE2j7iUPZxMiGrZg8go2gg=", "last_login": null, "is_superuser": false, "username": "Mikeooo", "email": "", "is_staff": false, "is_active": true, "date_joined": "2021-06-03T16:52:19.646Z", "first_name": "Mikeo", "last_name": "Bobby", "profile_image": "accounts/user01.jpeg", "groups": [], "user_permissions": []}}, {"model": "accounts.customuser", "pk": 7, "fields": {"password": "pbkdf2_sha256$260000$fuAMGVveB7xvRdYCFqUfyk$BGC/4EjuW8kMJieDQJdC/vZ4YbbTWqrJ5aPPO2dYIS8=", "last_login": null, "is_superuser": false, "username": "Mikeoooo", "email": "", "is_staff": false, "is_active": true, "date_joined": "2021-06-03T16:53:47.944Z", "first_name": "Mikeo", "last_name": "Bobby", "profile_image": "accounts/user01.jpeg", "groups": [], "user_permissions": []}}, {"model": "accounts.customuser", "pk": 8, "fields": {"password": "pbkdf2_sha256$260000$moBzDDKVa1bUCGsg7vetyc$twBTz77ZYbkxbd5bLKNSlv0g5w5A/tze1dgRXBiy59U=", "last_login": null, "is_superuser": false, "username": "Mikeooooo", "email": "", "is_staff": false, "is_active": true, "date_joined": "2021-06-03T16:58:47.195Z", "first_name": "Mikeo", "last_name": "Bobby", "profile_image": "accounts/user01.jpeg", "groups": [], "user_permissions": []}}, {"model": "accounts.customuser", "pk": 9, "fields": {"password": "pbkdf2_sha256$260000$U4IZirt29LCNW2PgQqJMSQ$rzY2PTiGbJqPV9JhmJQrvyVNkIvsEVNZCtJdhMwpBYM=", "last_login": null, "is_superuser": false, "username": "johnny", "email": "", "is_staff": false, "is_active": true, "date_joined": "2021-06-03T17:02:10.236Z", "first_name": "Bob", "last_name": "dillan", "profile_image": "accounts/user01.jpeg", "groups": [], "user_permissions": []}}, {"model": "accounts.customuser", "pk": 10, "fields": {"password": "pbkdf2_sha256$260000$Y8hSJwJqYTIcXN43Gn2nW7$eA4dxiwAQ0l14gkwbUhDsBZcDejZAvqdvnuRpz0QJuw=", "last_login": null, "is_superuser": false, "username": "johnnyu", "email": "", "is_staff": false, "is_active": true, "date_joined": "2021-06-03T17:06:36.903Z", "first_name": "Bob", "last_name": "dillan", "profile_image": "accounts/user01.jpeg", "groups": [], "user_permissions": []}}, {"model": "accounts.customuser", "pk": 11, "fields": {"password": "pbkdf2_sha256$260000$1564nmmLu92TYhP33BJNaS$NQ+2nwmfwncczMgXDoxuw4XllClq3a048g76cYCZ3CI=", "last_login": null, "is_superuser": false, "username": "johnnyuu", "email": "", "is_staff": false, "is_active": true, "date_joined": "2021-06-03T17:08:13.072Z", "first_name": "Bob", "last_name": "dillan", "profile_image": "accounts/user01.jpeg", "groups": [], "user_permissions": []}}, {"model": "accounts.customuser", "pk": 12, "fields": {"password": "pbkdf2_sha256$260000$oSyPzDPiviHCmBmxkMxCWu$CxDGDE+OQ6PDrHLIr9DXTJVOTJ/aY1tAzWNSwzn1cLU=", "last_login": null, "is_superuser": false, "username": "Dillan23", "email": "", "is_staff": false, "is_active": true, "date_joined": "2021-06-03T17:09:53.897Z", "first_name": "Bob", "last_name": "dillan", "profile_image": "accounts/user01.jpeg", "groups": [], "user_permissions": []}}, {"model": "accounts.customuser", "pk": 13, "fields": {"password": "pbkdf2_sha256$260000$BPF31vDzeeiJbezka5wkXF$jFPlrqMY8mSOnXqWAhWSjWqe6hksrSA46RHfuHeOyEI=", "last_login": null, "is_superuser": false, "username": "taiwo1", "email": "", "is_staff": false, "is_active": true, "date_joined": "2021-06-03T17:14:08.565Z", "first_name": "Taiwo", "last_name": "Obama", "profile_image": "accounts/user01.jpeg", "groups": [], "user_permissions": []}}, {"model": "accounts.customuser", "pk": 14, "fields": {"password": "pbkdf2_sha256$260000$Qs9Oq6dqdGkZnW21WPCi9v$qhGxkab8SsoosvSDLICy/8eVfcc1v5yooj7ZbP+NQyE=", "last_login": null, "is_superuser": false, "username": "taiwo12", "email": "", "is_staff": false, "is_active": true, "date_joined": "2021-06-03T17:15:16.159Z", "first_name": "Taiwo", "last_name": "Obama", "profile_image": "accounts/user01.jpeg", "groups": [], "user_permissions": []}}, {"model": "accounts.customuser", "pk": 15, "fields": {"password": "pbkdf2_sha256$260000$r0IgVEZWSPEp9UqMyHxMJC$wUUGSpydizi/+yRil8U+1wgLM/dGQshxjY2Phnc1FSc=", "last_login": null, "is_superuser": false, "username": "taiwo122", "email": "", "is_staff": false, "is_active": true, "date_joined": "2021-06-03T17:16:44.179Z", "first_name": "Taiwo", "last_name": "Obama", "profile_image": "accounts/user01.jpeg", "groups": [], "user_permissions": []}}, {"model": "accounts.customuser", "pk": 16, "fields": {"password": "pbkdf2_sha256$260000$tv5X5l8CjlImvY0bM8nQ9Q$225H0enAQGzQe7Znr/XenNY0LQg69k4xO8FJI708RYw=", "last_login": null, "is_superuser": false, "username": "taiwo1222", "email": "", "is_staff": false, "is_active": true, "date_joined": "2021-06-03T17:17:10.563Z", "first_name": "Taiwo", "last_name": "Obama", "profile_image": "accounts/HSNEW.png", "groups": [], "user_permissions": []}}, {"model": "accounts.customuser", "pk": 17, "fields": {"password": "pbkdf2_sha256$260000$21r1aa537sFZo8DFoJGsz2$7ARynnOPr0SNP0B2rmmgy2ZcM5szJ8ZLT7G64cTf7S8=", "last_login": null, "is_superuser": false, "username": "taiw3o1222", "email": "", "is_staff": false, "is_active": true, "date_joined": "2021-06-03T17:17:41.323Z", "first_name": "Taiwo", "last_name": "Obama", "profile_image": "accounts/HSNEW_gU5I6oT.png", "groups": [], "user_permissions": []}}, {"model": "accounts.customuser", "pk": 18, "fields": {"password": "pbkdf2_sha256$260000$Sx1dYFrA7Wx0Vyqn7Qr7qa$QS97n9++MoKtlbGQiYI7jSl5IYHw3OIsKNBNiY84LEs=", "last_login": null, "is_superuser": false, "username": "Daiw3o1222", "email": "", "is_staff": false, "is_active": true, "date_joined": "2021-06-03T17:20:20.802Z", "first_name": "Taiwo", "last_name": "Obama", "profile_image": "accounts/HSNEW_dMpM7et.png", "groups": [], "user_permissions": []}}, {"model": "accounts.customuser", "pk": 19, "fields": {"password": "pbkdf2_sha256$260000$h9UMXA6oUtp0WXZD9SW2ip$zeGxZxOzlEOyC8l+AtB6gkU/vXD4J0ZnTQc+Ogg5CIc=", "last_login": null, "is_superuser": false, "username": "D", "email": "", "is_staff": false, "is_active": true, "date_joined": "2021-06-03T17:21:02.879Z", "first_name": "Taiwo", "last_name": "Obama", "profile_image": "accounts/HSNEW_aVIJP3l.png", "groups": [], "user_permissions": []}}, {"model": "accounts.customuser", "pk": 20, "fields": {"password": "pbkdf2_sha256$260000$5y1i9pltLNd5kbKXdgMmUX$PWR0pvxqOUdOKnKE9uBhhofrd2tvkjLbDS48fz7LeHE=", "last_login": null, "is_superuser": false, "username": "taiwo1234rsdd", "email": "", "is_staff": false, "is_active": true, "date_joined": "2021-06-03T17:30:48.017Z", "first_name": "Barack", "last_name": "Obadare", "profile_image": "accounts/user01.jpeg", "groups": [], "user_permissions": []}}, {"model": "accounts.customuser", "pk": 21, "fields": {"password": "pbkdf2_sha256$260000$VO1VHi50y1UWLTIyicwJOf$gQ03S1yWyypfCJcGCqGf6LgzPxK6+bQWOFG0xQakYTI=", "last_login": null, "is_superuser": false, "username": "taiwo1123", "email": "", "is_staff": false, "is_active": true, "date_joined": "2021-06-03T17:38:23.864Z", "first_name": "Taiwo", "last_name": "Obama", "profile_image": "accounts/HSNEW2.png", "groups": [], "user_permissions": []}}, {"model": "accounts.customuser", "pk": 22, "fields": {"password": "pbkdf2_sha256$260000$3ctsThd3pq6AB2uzngSJwy$a/KYT/eb2W/uR5Zp7XUWd3MwyzvthB104RcGDQbsqBM=", "last_login": null, "is_superuser": false, "username": "taiwo133", "email": "", "is_staff": false, "is_active": true, "date_joined": "2021-06-03T17:38:45.283Z", "first_name": "Taiwo", "last_name": "Obadare", "profile_image": "accounts/HSNEW2_7Tu3EJk.png", "groups": [], "user_permissions": []}}, {"model": "accounts.customuser", "pk": 23, "fields": {"password": "pbkdf2_sha256$260000$KHCnd6rp0EssvxlCBfE7kh$7WS0ohQc+5aGXqGpfy3bzGDFeXl8bz+a7GhTtAJWf7U=", "last_login": null, "is_superuser": false, "username": "taiwo1asdf", "email": "", "is_staff": false, "is_active": true, "date_joined": "2021-06-03T17:39:47.606Z", "first_name": "Taiwo", "last_name": "Obadare", "profile_image": "accounts/HSNEW_zoo5j9l.png", "groups": [], "user_permissions": []}}, {"model": "accounts.customuser", "pk": 24, "fields": {"password": "pbkdf2_sha256$260000$9ZOzAOePbB9R1QDWgURd3h$G43yBVS4kgQZE6hqZCG91U0l3L2D5+CbEBXbCB0uv6g=", "last_login": null, "is_superuser": false, "username": "taiwo1erer", "email": "", "is_staff": false, "is_active": true, "date_joined": "2021-06-03T17:41:19.031Z", "first_name": "Taiwo", "last_name": "Obama", "profile_image": "accounts/HSNEW_ZXKLDOX.png", "groups": [], "user_permissions": []}}, {"model": "accounts.customuser", "pk": 25, "fields": {"password": "pbkdf2_sha256$260000$mgLtPAYHn3ppD6eVl9kKRQ$ZKol/fDq6Q6aDvvln2BA9IrjOZdvhQDt7tlmH2mk3fM=", "last_login": null, "is_superuser": false, "username": "taiwo34545", "email": "", "is_staff": false, "is_active": true, "date_joined": "2021-06-03T17:43:32.073Z", "first_name": "Taiwo", "last_name": "Obama", "profile_image": "accounts/user01.jpeg", "groups": [], "user_permissions": []}}, {"model": "accounts.customuser", "pk": 26, "fields": {"password": "pbkdf2_sha256$260000$VDGSSkXPL2fh2kadAeUi7a$RoWIq2y6Vx5FZ7epRFZTXBzKxAHe4pedZILg2Wqnz80=", "last_login": null, "is_superuser": false, "username": "taiwo1q3e2", "email": "", "is_staff": false, "is_active": true, "date_joined": "2021-06-03T17:44:49.049Z", "first_name": "Taiwo", "last_name": "Obama", "profile_image": "accounts/user01.jpeg", "groups": [], "user_permissions": []}}, {"model": "accounts.customuser", "pk": 27, "fields": {"password": "pbkdf2_sha256$260000$e6c2L5rcz3M7TzdJO2Hooh$UkjoINIioeY05aAPhBNjaICX2sSsfxEdm4WVb2idvt0=", "last_login": null, "is_superuser": false, "username": "taiwo1dfadf", "email": "", "is_staff": false, "is_active": true, "date_joined": "2021-06-03T17:45:29.275Z", "first_name": "Taiwo", "last_name": "Obama", "profile_image": "accounts/HSNEW_plqtYTQ.png", "groups": [], "user_permissions": []}}, {"model": "accounts.customuser", "pk": 28, "fields": {"password": "pbkdf2_sha256$260000$ZBar8IOCPpGYnCaYNL3Zwd$BWyoPPB414Xd73U39At4Iz3GKtjuEoep1dYMaCiRlig=", "last_login": null, "is_superuser": false, "username": "ffadfasdf", "email": "", "is_staff": false, "is_active": true, "date_joined": "2021-06-03T19:16:35.328Z", "first_name": "Taiwo", "last_name": "Obadare", "profile_image": "accounts/HSNEW2_SncQJ4U.png", "groups": [2], "user_permissions": []}}, {"model": "accounts.customuser", "pk": 29, "fields": {"password": "pbkdf2_sha256$260000$dpxsTsrxkRSpIRUbrlhLkB$716Fr65aWhbV2kQ6gQKhpIylDBlb+xhrilfCJNo7Uj0=", "last_login": "2021-06-03T20:29:07.252Z", "is_superuser": false, "username": "taiwo77", "email": "", "is_staff": false, "is_active": true, "date_joined": "2021-06-03T20:25:13.998Z", "first_name": "Taiwo", "last_name": "Obadare", "profile_image": "accounts/IMAGE_xsMDK8k.jpeg", "groups": [2], "user_permissions": []}}, {"model": "accounts.customuser", "pk": 30, "fields": {"password": "pbkdf2_sha256$260000$hareWZ5TormDsconC9cXtL$e2/B1fqarXMHgJLqmSjib8SkF851vO5Iub3xW1/SoDE=", "last_login": "2021-09-18T19:00:02.242Z", "is_superuser": true, "username": "HolinessNetwork", "email": "", "is_staff": true, "is_active": true, "date_joined": "2021-06-21T12:50:47.916Z", "first_name": "Holiness", "last_name": "Network", "profile_image": "accounts/user01.jpeg", "groups": [], "user_permissions": []}}, {"model": "accounts.customuser", "pk": 31, "fields": {"password": "pbkdf2_sha256$260000$Miw6Yh2GU58alLdIxeVbhg$qnlLOyINEVmPLPHyp+CplhE510xsEdJaCrmpDMEXDxY=", "last_login": null, "is_superuser": true, "username": "graphicsadmin", "email": "", "is_staff": true, "is_active": true, "date_joined": "2021-09-17T18:31:36.637Z", "first_name": "Graphics", "last_name": "House", "profile_image": "accounts/user01.jpeg", "groups": [], "user_permissions": []}}, {"model": "accounts.customuser", "pk": 32, "fields": {"password": "pbkdf2_sha256$260000$o6lFoMz0au1akhEwZEv27V$dUF9l4p4aRGacNcGSpWqsrUf5kfxQGgk0MxpwavBBlk=", "last_login": null, "is_superuser": true, "username": "taiwo89", "email": "", "is_staff": true, "is_active": true, "date_joined": "2021-09-18T18:52:31.143Z", "first_name": "taiwo", "last_name": "obadare", "profile_image": "accounts/user01.jpeg", "groups": [], "user_permissions": []}}, {"model": "accounts.customuser", "pk": 33, "fields": {"password": "pbkdf2_sha256$260000$gAknhj7DfLVQ60eQgTSGX8$FJnC9IquweiVTls+XFx0VwQQxxOS2P0rdShemUhLC9Y=", "last_login": "2021-12-07T12:27:02.025Z", "is_superuser": true, "username": "GraphicHouse", "email": "wearethegraphicshouse@gmail.com", "is_staff": true, "is_active": true, "date_joined": "2021-12-07T12:26:43.687Z", "first_name": "Graphic", "last_name": "House", "profile_image": "accounts/user01.jpeg", "groups": [], "user_permissions": []}}, {"model": "accounts.author", "pk": 1, "fields": {"profile_image": "<MultiValueDict: {}>", "user": 25, "first_name": "Taiwo", "last_name": "Obama", "about": ""}}, {"model": "accounts.author", "pk": 2, "fields": {"profile_image": "accounts/user01.jpeg", "user": 26, "first_name": "Taiwo", "last_name": "Obama", "about": ""}}, {"model": "accounts.author", "pk": 3, "fields": {"profile_image": "accounts/HSNEW_plqtYTQ.png", "user": 27, "first_name": "Taiwo", "last_name": "Obama", "about": ""}}, {"model": "accounts.author", "pk": 4, "fields": {"profile_image": "accounts/IMAGE_xsMDK8k.jpeg", "user": 29, "first_name": "Taiwo", "last_name": "Obadare", "about": ""}}, {"model": "website.category", "pk": 1, "fields": {"name": "Banners", "description": "", "slug": "banners", "navbar": true}}, {"model": "website.category", "pk": 2, "fields": {"name": "Book Covers", "description": "", "slug": "book-covers", "navbar": true}}, {"model": "website.category", "pk": 3, "fields": {"name": "Business Cards", "description": "", "slug": "business-cards", "navbar": true}}, {"model": "website.category", "pk": 4, "fields": {"name": "Posters", "description": "", "slug": "posters", "navbar": true}}, {"model": "website.category", "pk": 5, "fields": {"name": "Album Covers", "description": "a", "slug": "album-covers", "navbar": true}}, {"model": "website.category", "pk": 7, "fields": {"name": "Logos", "description": "", "slug": "logos", "navbar": false}}, {"model": "website.category", "pk": 8, "fields": {"name": "What We Do", "description": "", "slug": "what-we-do", "navbar": false}}, {"model": "website.category", "pk": 9, "fields": {"name": "Abouts", "description": "", "slug": "abouts", "navbar": true}}, {"model": "website.category", "pk": 10, "fields": {"name": "Authors", "description": "", "slug": "authors", "navbar": true}}, {"model": "website.category", "pk": 12, "fields": {"name": "Flyers", "description": "", "slug": "flyers", "navbar": true}}, {"model": "website.post", "pk": 37, "fields": {"title": "Flyer Design for movie", "content": "<p><span style=\"font-size:11px\"><span style=\"font-family:Georgia,serif\">Lorem ipsum dolor sit amet, consectetur adipiscing elit. Vestibulum arcu libero, sollicitudin eu eros eu, porta consectetur lorem. Donec ullamcorper, nisl sagittis blandit congue, quam arcu pellentesque ipsum, id iaculis augue magna id est. Proin et mauris fringilla, sodales nisi non, vehicula felis. Ut maximus, risus eget accumsan imperdiet, felis nulla pretium ante, eu finibus lorem leo in purus. Curabitur gravida nisl eu mollis tempus. Phasellus faucibus nibh vel eros sagittis efficitur. Integer euismod convallis blandit. Donec lacinia, libero non porttitor scelerisque, lorem erat gravida tortor, ut pellentesque tortor risus nec ex. Cras fermentum nisi non erat faucibus molestie. Sed hendrerit metus ipsum, non facilisis ante molestie sit amet.</span></span></p>\r\n\r\n<p><span style=\"font-size:11px\"><span style=\"font-family:Georgia,serif\">Fusce non lacus scelerisque, tincidunt enim eget, ornare mauris. Mauris tincidunt aliquam enim, vitae pellentesque ligula tempus vel. Pellentesque volutpat dui ac nunc blandit, non feugiat ex vulputate. Proin quis scelerisque ipsum. Nunc neque enim, imperdiet sit amet risus id, scelerisque sodales nisl. Aliquam quis augue fringilla, viverra ante a, viverra eros. Maecenas non faucibus enim. Cras a leo est. Nulla facilisi. Aliquam tincidunt euismod sollicitudin. Ut pulvinar ex sed odio gravida, in vehicula nibh pretium. Cras varius, nisi vitae pellentesque commodo, nisl odio consequat elit, in luctus massa nunc et elit. Nam sed ex id nisl sagittis porttitor quis eget metus. Donec vel libero ut ante lacinia euismod.</span></span></p>\r\n\r\n<p><span style=\"font-size:11px\"><span style=\"font-family:Georgia,serif\">In eu massa id nibh faucibus vehicula. Phasellus vitae massa nec lorem lacinia dictum. Donec id elementum arcu. Mauris eleifend est nec turpis varius blandit id sed mi. In bibendum dolor in lectus aliquet, at maximus tortor lobortis. Suspendisse mollis blandit ex, in rutrum urna fringilla eu. Phasellus massa sapien, lacinia id sapien vel, auctor varius ipsum. Curabitur eros augue, sollicitudin ac vulputate a, interdum eu tellus. Aenean vitae dui at tellus pretium ultrices vitae sit amet lorem. Donec hendrerit posuere lectus, at ullamcorper leo finibus et. Praesent sit amet iaculis odio, eu semper ante. Phasellus sed lorem libero.</span></span></p>\r\n\r\n<p><span style=\"font-size:11px\"><span style=\"font-family:Georgia,serif\">Phasellus vel justo vel arcu egestas congue at quis tortor. Sed congue massa in diam dapibus finibus. Ut accumsan quam quis eros semper sodales tempor a metus. Integer non placerat lorem, ac mollis urna. Etiam dapibus purus vehicula luctus fermentum. Vivamus ac egestas ipsum. Pellentesque finibus odio elit. Morbi sit amet justo quam. Phasellus magna neque, fermentum ut aliquet a, posuere sed leo. Aliquam erat volutpat. Duis gravida, eros eu commodo euismod, sem purus pharetra tortor, in fermentum turpis orci quis augue. Sed congue nibh vitae justo pellentesque, vitae accumsan nulla suscipit. Nam tempus tristique bibendum. Vestibulum eget rhoncus orci, vitae venenatis justo. Aliquam auctor et sapien id tincidunt. Suspendisse dapibus arcu at ex faucibus venenatis.</span></span></p>\r\n\r\n<p><span style=\"font-size:11px\"><span style=\"font-family:Georgia,serif\">Morbi auctor eu tortor vitae varius. Integer id magna nec mi lobortis pharetra. Duis ac lectus vel risus aliquet scelerisque et sit amet nisl. Nam posuere nisl aliquam neque volutpat dapibus. Duis mollis lacus sodales, porta nunc eu, bibendum turpis. Donec hendrerit scelerisque ex et tincidunt. Suspendisse potenti. Suspendisse ac sapien eu magna suscipit tempor ut nec metus. Mauris arcu ipsum, varius vel est a, dignissim malesuada tortor. Mauris ac enim nulla. Nullam laoreet dignissim ante, ut scelerisque tellus gravida id. Maecenas ipsum dolor, dignissim ut mollis at, elementum varius massa. Interdum et malesuada fames ac ante ipsum primis in faucibus. Mauris vestibulum condimentum neque, et gravida libero viverra vitae. Nunc fringilla elit quis sapien mollis, eget fermentum enim interdum. Vivamus auctor malesuada nunc, non lacinia diam egestas at.</span></span></p>", "category": 3, "image": "post/pexels.jpeg", "author": 30, "published": true, "created": "2021-06-21T12:58:09.213Z", "updated": "2021-09-16T17:08:10.455Z", "read_time": 3, "slug": "flyer-design-for-movie", "featured": true, "view_count": 1}}, {"model": "website.post", "pk": 38, "fields": {"title": "Flyer Design Party", "content": "<p><span style=\"font-family:Georgia,serif\"><span style=\"font-size:12px\">Lorem ipsum dolor sit amet, consectetur adipiscing elit. Vestibulum arcu libero, sollicitudin eu eros eu, porta consectetur lorem. Donec ullamcorper, nisl sagittis blandit congue, quam arcu pellentesque ipsum, id iaculis augue magna id est. Proin et mauris fringilla, sodales nisi non, vehicula felis. Ut maximus, risus eget accumsan imperdiet, felis nulla pretium ante, eu finibus lorem leo in purus. Curabitur gravida nisl eu mollis tempus. Phasellus faucibus nibh vel eros sagittis efficitur. Integer euismod convallis blandit. Donec lacinia, libero non porttitor scelerisque, lorem erat gravida tortor, ut pellentesque tortor risus nec ex. Cras fermentum nisi non erat faucibus molestie. Sed hendrerit metus ipsum, non facilisis ante molestie sit amet.</span></span></p>\r\n\r\n<p><span style=\"font-family:Georgia,serif\"><span style=\"font-size:12px\">Fusce non lacus scelerisque, tincidunt enim eget, ornare mauris. Mauris tincidunt aliquam enim, vitae pellentesque ligula tempus vel. Pellentesque volutpat dui ac nunc blandit, non feugiat ex vulputate. Proin quis scelerisque ipsum. Nunc neque enim, imperdiet sit amet risus id, scelerisque sodales nisl. Aliquam quis augue fringilla, viverra ante a, viverra eros. Maecenas non faucibus enim. Cras a leo est. Nulla facilisi. Aliquam tincidunt euismod sollicitudin. Ut pulvinar ex sed odio gravida, in vehicula nibh pretium. Cras varius, nisi vitae pellentesque commodo, nisl odio consequat elit, in luctus massa nunc et elit. Nam sed ex id nisl sagittis porttitor quis eget metus. Donec vel libero ut ante lacinia euismod.</span></span></p>\r\n\r\n<p><span style=\"font-family:Georgia,serif\"><span style=\"font-size:12px\">In eu massa id nibh faucibus vehicula. Phasellus vitae massa nec lorem lacinia dictum. Donec id elementum arcu. Mauris eleifend est nec turpis varius blandit id sed mi. In bibendum dolor in lectus aliquet, at maximus tortor lobortis. Suspendisse mollis blandit ex, in rutrum urna fringilla eu. Phasellus massa sapien, lacinia id sapien vel, auctor varius ipsum. Curabitur eros augue, sollicitudin ac vulputate a, interdum eu tellus. Aenean vitae dui at tellus pretium ultrices vitae sit amet lorem. Donec hendrerit posuere lectus, at ullamcorper leo finibus et. Praesent sit amet iaculis odio, eu semper ante. Phasellus sed lorem libero.</span></span></p>\r\n\r\n<p><span style=\"font-family:Georgia,serif\"><span style=\"font-size:12px\">Phasellus vel justo vel arcu egestas congue at quis tortor. Sed congue massa in diam dapibus finibus. Ut accumsan quam quis eros semper sodales tempor a metus. Integer non placerat lorem, ac mollis urna. Etiam dapibus purus vehicula luctus fermentum. Vivamus ac egestas ipsum. Pellentesque finibus odio elit. Morbi sit amet justo quam. Phasellus magna neque, fermentum ut aliquet a, posuere sed leo. Aliquam erat volutpat. Duis gravida, eros eu commodo euismod, sem purus pharetra tortor, in fermentum turpis orci quis augue. Sed congue nibh vitae justo pellentesque, vitae accumsan nulla suscipit. Nam tempus tristique bibendum. Vestibulum eget rhoncus orci, vitae venenatis justo. Aliquam auctor et sapien id tincidunt. Suspendisse dapibus arcu at ex faucibus venenatis.</span></span></p>\r\n\r\n<p><span style=\"font-family:Georgia,serif\"><span style=\"font-size:12px\">Morbi auctor eu tortor vitae varius. Integer id magna nec mi lobortis pharetra. Duis ac lectus vel risus aliquet scelerisque et sit amet nisl. Nam posuere nisl aliquam neque volutpat dapibus. Duis mollis lacus sodales, porta nunc eu, bibendum turpis. Donec hendrerit scelerisque ex et tincidunt. Suspendisse potenti. Suspendisse ac sapien eu magna suscipit tempor ut nec metus. Mauris arcu ipsum, varius vel est a, dignissim malesuada tortor. Mauris ac enim nulla. Nullam laoreet dignissim ante, ut scelerisque tellus gravida id. Maecenas ipsum dolor, dignissim ut mollis at, elementum varius massa. Interdum et malesuada fames ac ante ipsum primis in faucibus. Mauris vestibulum condimentum neque, et gravida libero viverra vitae. Nunc fringilla elit quis sapien mollis, eget fermentum enim interdum. Vivamus auctor malesuada nunc, non lacinia diam egestas at.</span></span></p>", "category": 1, "image": "post/imagerChurch.jpeg", "author": 30, "published": true, "created": "2021-06-21T14:07:37.896Z", "updated": "2021-09-16T17:07:59.100Z", "read_time": 4, "slug": "flyer-design-party", "featured": true, "view_count": 1}}, {"model": "website.post", "pk": 39, "fields": {"title": "How we want to graphic design for the world!", "content": "<p>Lorem ipsum dolor sit amet, consectetur adipiscing elit. Vestibulum arcu libero, sollicitudin eu eros eu, porta consectetur lorem. Donec ullamcorper, nisl sagittis blandit congue, quam arcu pellentesque ipsum, id iaculis augue magna id est. Proin et mauris fringilla, sodales nisi non, vehicula felis. Ut maximus, risus eget accumsan imperdiet, felis nulla pretium ante, eu finibus lorem leo in purus. Curabitur gravida nisl eu mollis tempus. Phasellus faucibus nibh vel eros sagittis efficitur. Integer euismod convallis blandit. Donec lacinia, libero non porttitor scelerisque, lorem erat gravida tortor, ut pellentesque tortor risus nec ex. Cras fermentum nisi non erat faucibus molestie. Sed hendrerit metus ipsum, non facilisis ante molestie sit amet.</p>\r\n\r\n<p>Fusce non lacus scelerisque, tincidunt enim eget, ornare mauris. Mauris tincidunt aliquam enim, vitae pellentesque ligula tempus vel. Pellentesque volutpat dui ac nunc blandit, non feugiat ex vulputate. Proin quis scelerisque ipsum. Nunc neque enim, imperdiet sit amet risus id, scelerisque sodales nisl. Aliquam quis augue fringilla, viverra ante a, viverra eros. Maecenas non faucibus enim. Cras a leo est. Nulla facilisi. Aliquam tincidunt euismod sollicitudin. Ut pulvinar ex sed odio gravida, in vehicula nibh pretium. Cras varius, nisi vitae pellentesque commodo, nisl odio consequat elit, in luctus massa nunc et elit. Nam sed ex id nisl sagittis porttitor quis eget metus. Donec vel libero ut ante lacinia euismod.</p>\r\n\r\n<p>In eu massa id nibh faucibus vehicula. Phasellus vitae massa nec lorem lacinia dictum. Donec id elementum arcu. Mauris eleifend est nec turpis varius blandit id sed mi. In bibendum dolor in lectus aliquet, at maximus tortor lobortis. Suspendisse mollis blandit ex, in rutrum urna fringilla eu. Phasellus massa sapien, lacinia id sapien vel, auctor varius ipsum. Curabitur eros augue, sollicitudin ac vulputate a, interdum eu tellus. Aenean vitae dui at tellus pretium ultrices vitae sit amet lorem. Donec hendrerit posuere lectus, at ullamcorper leo finibus et. Praesent sit amet iaculis odio, eu semper ante. Phasellus sed lorem libero.</p>\r\n\r\n<p>Phasellus vel justo vel arcu egestas congue at quis tortor. Sed congue massa in diam dapibus finibus. Ut accumsan quam quis eros semper sodales tempor a metus. Integer non placerat lorem, ac mollis urna. Etiam dapibus purus vehicula luctus fermentum. Vivamus ac egestas ipsum. Pellentesque finibus odio elit. Morbi sit amet justo quam. Phasellus magna neque, fermentum ut aliquet a, posuere sed leo. Aliquam erat volutpat. Duis gravida, eros eu commodo euismod, sem purus pharetra tortor, in fermentum turpis orci quis augue. Sed congue nibh vitae justo pellentesque, vitae accumsan nulla suscipit. Nam tempus tristique bibendum. Vestibulum eget rhoncus orci, vitae venenatis justo. Aliquam auctor et sapien id tincidunt. Suspendisse dapibus arcu at ex faucibus venenatis.</p>\r\n\r\n<p>Morbi auctor eu tortor vitae varius. Integer id magna nec mi lobortis pharetra. Duis ac lectus vel risus aliquet scelerisque et sit amet nisl. Nam posuere nisl aliquam neque volutpat dapibus. Duis mollis lacus sodales, porta nunc eu, bibendum turpis. Donec hendrerit scelerisque ex et tincidunt. Suspendisse potenti. Suspendisse ac sapien eu magna suscipit tempor ut nec metus. Mauris arcu ipsum, varius vel est a, dignissim malesuada tortor. Mauris ac enim nulla. Nullam laoreet dignissim ante, ut scelerisque tellus gravida id. Maecenas ipsum dolor, dignissim ut mollis at, elementum varius massa. Interdum et malesuada fames ac ante ipsum primis in faucibus. Mauris vestibulum condimentum neque, et gravida libero viverra vitae. Nunc fringilla elit quis sapien mollis, eget fermentum enim interdum. Vivamus auctor malesuada nunc, non lacinia diam egestas at.</p>", "category": 8, "image": "post/pexels_Dm6fLzz.jpeg", "author": 30, "published": true, "created": "2021-06-21T14:28:00.854Z", "updated": "2021-09-17T18:26:29.276Z", "read_time": 4, "slug": "how-we-want-to-graphic-design-for-the-world", "featured": false, "view_count": 1}}, {"model": "website.usersession", "pk": 20, "fields": {"user": "127.0.0.1", "post": 37}}, {"model": "website.usersession", "pk": 21, "fields": {"user": "127.0.0.1", "post": 39}}, {"model": "website.usersession", "pk": 22, "fields": {"user": "127.0.0.1", "post": 38}}, {"model": "contact.messages", "pk": 1, "fields": {"name": "John Hendrik", "body": "Hey I really love your website, can I contributor to it swell", "email": "taiwo.obadare@gmail.com", "read": true, "created": "2021-06-03T21:12:01.806Z"}}, {"model": "contact.messages", "pk": 2, "fields": {"name": "Boby taker", "body": "Hey what A GOOD WEBSITE YOU MADE BROTHER", "email": "taiwo.obadare@gmail.com", "read": true, "created": "2021-06-03T21:15:43.025Z"}}, {"model": "contact.messages", "pk": 3, "fields": {"name": "adfa", "body": "adfsasdf", "email": "taiwo.obadare@gmail.com", "read": true, "created": "2021-06-03T21:22:52.826Z"}}, {"model": "contact.messages", "pk": 4, "fields": {"name": "asdfasdf", "body": "adsfadf", "email": "taiwo.obadare@gmail.com", "read": true, "created": "2021-06-03T21:40:57.258Z"}}, {"model": "contact.messages", "pk": 5, "fields": {"name": "ASDFA", "body": "ASDF", "email": "taiwo.obadare@gmail.com", "read": true, "created": "2021-06-03T21:43:55.441Z"}}, {"model": "contact.messages", "pk": 6, "fields": {"name": "ads", "body": "ads", "email": "taiwo.obadare@gmail.com", "read": true, "created": "2021-06-03T21:52:02.280Z"}}, {"model": "contact.messages", "pk": 7, "fields": {"name": "asdfasdf", "body": "asdfadsf", "email": "sdfasdf@gmail.com", "read": true, "created": "2021-06-03T21:57:13.629Z"}}, {"model": "contact.messages", "pk": 8, "fields": {"name": "asdfasdfadsfasdfasdf", "body": "asdfasdfawdfasdfasdfasd", "email": "taiwo.obadare@gmail.com", "read": true, "created": "2021-06-04T20:00:38.482Z"}}, {"model": "contact.messages", "pk": 9, "fields": {"name": "Matthew Oluwadare", "body": "adfasdf", "email": "taiwo.obadare@gmail.com", "read": true, "created": "2021-06-04T23:32:39.987Z"}}, {"model": "contact.messages", "pk": 10, "fields": {"name": "Matthew Oluwadare", "body": "adfasdf", "email": "taiwo.obadare@gmail.com", "read": true, "created": "2021-06-04T23:34:25.254Z"}}, {"model": "contact.messages", "pk": 11, "fields": {"name": "Matthew Oluwadare", "body": "adfasdf", "email": "taiwo.obadare@gmail.com", "read": true, "created": "2021-06-04T23:34:57.043Z"}}, {"model": "contact.messages", "pk": 12, "fields": {"name": "asdfasdf", "body": "adsfasdfasdf", "email": "asdfasdf@gmail.com", "read": true, "created": "2021-06-04T23:35:31.789Z"}}, {"model": "contact.messages", "pk": 13, "fields": {"name": "adsfadsf", "body": "asdfasdfasdf", "email": "asdfasdf@gmail.com", "read": true, "created": "2021-06-04T23:36:35.318Z"}}, {"model": "contact.messages", "pk": 14, "fields": {"name": "adsfadsf", "body": "asdfasdfasdf", "email": "asdfasdf@gmail.com", "read": true, "created": "2021-06-04T23:36:45.443Z"}}, {"model": "contact.messages", "pk": 15, "fields": {"name": "adsfadsf", "body": "asdfasdfasdf", "email": "asdfasdf@gmail.com", "read": true, "created": "2021-06-04T23:36:52.652Z"}}, {"model": "contact.messages", "pk": 16, "fields": {"name": "asdfasdf", "body": "asdfasdf", "email": "asdfasdf@gmail.com", "read": true, "created": "2021-06-04T23:37:10.554Z"}}, {"model": "contact.messages", "pk": 17, "fields": {"name": "Matthew Oluwadare", "body": "HELLO I REALLT LIEK THE SITE CAN I MAKE A CONTRIBUTEON", "email": "taiwo.obadare@gmail.com", "read": true, "created": "2021-06-04T23:39:26.141Z"}}, {"model": "contact.messages", "pk": 18, "fields": {"name": "Matthew Oluwadare", "body": "adsfadf", "email": "taiwo.obadare@gmail.com", "read": true, "created": "2021-06-04T23:41:18.828Z"}}, {"model": "contact.messages", "pk": 19, "fields": {"name": "Taiwo Obadare", "body": "This is just to ask if it is possible to get some help with my marriage", "email": "taiwo.obadare@gmail.com", "read": true, "created": "2021-06-05T11:57:58.056Z"}}, {"model": "contact.messages", "pk": 20, "fields": {"name": "Matthew Oluwadare", "body": ", , m.m.m", "email": "taiwo.obadare@gmail.com", "read": true, "created": "2021-06-19T21:48:40.436Z"}}]